"TimeUTC","timestampInMs","requestPath","requestMethod","requestQueryString","responseStatusCode","requestId","requestUserAgent","level","environment","branch","vercelCache","type","function","host","deploymentDomain","deploymentId","durationMs","region","maxMemoryUsed","memorySize","message","projectId","traceId","sessionId","invocationId","instanceId"
"2025-06-12 12:49:51",1749732591002,"www.createa.meme/_next/image","GET","",200,"k57wg-1749732590677-103d6e1cc113","Mozilla/5.0 (Macintosh; Intel Mac OS X 10_15_7) AppleWebKit/537.36 (KHTML, like Gecko) Chrome/134.0.0.0 Safari/537.36","info","production","","","static","/_next/image","www.createa.meme","www.createa.meme","dpl_FGWX5yEqtDkVujKCxxERayqxbCWb",-1,"",-1,-1,"","prj_2WmnKloNzNT8aQ1tQYoeAuOVNlyc","","","",""
"2025-06-12 12:49:29",1749732569930,"www.createa.meme/api/customizeImage","POST","",-1,"t9pfp-1749732568404-be37a69fb50e","Mozilla/5.0 (Macintosh; Intel Mac OS X 10_15_7) AppleWebKit/537.36 (KHTML, like Gecko) Chrome/134.0.0.0 Safari/537.36","info","production","main","MISS","lambda","/api/customizeImage","www.createa.meme","www.createa.meme","dpl_FGWX5yEqtDkVujKCxxERayqxbCWb",-1,"iad1",-1,-1,"User prompt: ""Add a text on top saying i love femboy"", AI caption response: """"When you say you're a 'foodie' but all you want is femboy: 'I have a very particular taste.'""""","prj_2WmnKloNzNT8aQ1tQYoeAuOVNlyc","","","01JXJ30BAXR55DXPRX8FPJVDYY",""
"2025-06-12 12:49:28",1749732568413,"www.createa.meme/api/customizeImage","POST","",200,"t9pfp-1749732568404-be37a69fb50e","Mozilla/5.0 (Macintosh; Intel Mac OS X 10_15_7) AppleWebKit/537.36 (KHTML, like Gecko) Chrome/134.0.0.0 Safari/537.36","info","production","main","MISS","lambda","/api/customizeImage","www.createa.meme","www.createa.meme","dpl_FGWX5yEqtDkVujKCxxERayqxbCWb",1497,"iad1",126,1024,"","prj_2WmnKloNzNT8aQ1tQYoeAuOVNlyc","","","01JXJ30BAXR55DXPRX8FPJVDYY","6eRw0m1gN3CC"
"2025-06-12 12:49:28",1749732568365,"www.createa.meme/api/checkRateLimit","GET","mode=custom&isPlusUser=false",-1,"zq6qm-1749732567963-6e4e26be5508","Mozilla/5.0 (Macintosh; Intel Mac OS X 10_15_7) AppleWebKit/537.36 (KHTML, like Gecko) Chrome/134.0.0.0 Safari/537.36","info","production","main","MISS","lambda","/api/checkRateLimit","www.createa.meme","www.createa.meme","dpl_FGWX5yEqtDkVujKCxxERayqxbCWb",-1,"iad1",-1,-1,"[Rate Limit Check] Mode: custom, IP: 162.158.63.45, Limit: 3, Duration: 10800, IsPlusUser: false, Allowed: true","prj_2WmnKloNzNT8aQ1tQYoeAuOVNlyc","","","01JXJ30AXCBTP5MN7Z38YAM7DS",""
"2025-06-12 12:49:27",1749732567980,"www.createa.meme/api/checkRateLimit","GET","mode=custom&isPlusUser=false",200,"zq6qm-1749732567963-6e4e26be5508","Mozilla/5.0 (Macintosh; Intel Mac OS X 10_15_7) AppleWebKit/537.36 (KHTML, like Gecko) Chrome/134.0.0.0 Safari/537.36","info","production","main","MISS","lambda","/api/checkRateLimit","www.createa.meme","www.createa.meme","dpl_FGWX5yEqtDkVujKCxxERayqxbCWb",381,"iad1",114,1024,"","prj_2WmnKloNzNT8aQ1tQYoeAuOVNlyc","","","01JXJ30AXCBTP5MN7Z38YAM7DS","6eRw0m1gN3CC"
"2025-06-12 12:48:11",1749732491598,"www.createa.meme/api/generateImage","POST","",504,"2vtsw-1749732491549-7be955dbb87e","Mozilla/5.0 (Macintosh; Intel Mac OS X 10_15_7) AppleWebKit/537.36 (KHTML, like Gecko) Chrome/137.0.0.0 Safari/537.36","error","production","main","MISS","lambda","/api/generateImage","www.createa.meme","www.createa.meme","dpl_FGWX5yEqtDkVujKCxxERayqxbCWb",15000,"iad1",128,1024,"","prj_2WmnKloNzNT8aQ1tQYoeAuOVNlyc","","","01JXJ2Y0AEZYHYFCX8DNKQA13A",""
"2025-06-12 12:48:11",1749732491202,"www.createa.meme/api/checkRateLimit","GET","mode=magic&isPlusUser=false",-1,"td8vh-1749732490498-78af3553babd","Mozilla/5.0 (Macintosh; Intel Mac OS X 10_15_7) AppleWebKit/537.36 (KHTML, like Gecko) Chrome/137.0.0.0 Safari/537.36","info","production","main","MISS","lambda","/api/checkRateLimit","www.createa.meme","www.createa.meme","dpl_FGWX5yEqtDkVujKCxxERayqxbCWb",-1,"iad1",-1,-1,"[Rate Limit Check] Mode: magic, IP: 162.158.186.28, Limit: 3, Duration: 10800, IsPlusUser: false, Allowed: true","prj_2WmnKloNzNT8aQ1tQYoeAuOVNlyc","","","01JXJ2XZ9K4YWEPMWAV0RN6MDD",""
"2025-06-12 12:48:10",1749732490547,"www.createa.meme/api/checkRateLimit","GET","mode=magic&isPlusUser=false",200,"td8vh-1749732490498-78af3553babd","Mozilla/5.0 (Macintosh; Intel Mac OS X 10_15_7) AppleWebKit/537.36 (KHTML, like Gecko) Chrome/137.0.0.0 Safari/537.36","info","production","main","MISS","lambda","/api/checkRateLimit","www.createa.meme","www.createa.meme","dpl_FGWX5yEqtDkVujKCxxERayqxbCWb",664,"iad1",120,1024,"","prj_2WmnKloNzNT8aQ1tQYoeAuOVNlyc","","","01JXJ2XZ9K4YWEPMWAV0RN6MDD","oaSCBp24QPCN"
"2025-06-12 12:47:53",1749732473145,"www.createa.meme/api/generateImage","POST","",504,"24dl4-1749732472948-265a5f7de368","Mozilla/5.0 (Macintosh; Intel Mac OS X 10_15_7) AppleWebKit/537.36 (KHTML, like Gecko) Chrome/137.0.0.0 Safari/537.36","error","production","main","MISS","lambda","/api/generateImage","www.createa.meme","www.createa.meme","dpl_FGWX5yEqtDkVujKCxxERayqxbCWb",15000,"iad1",126,1024,"","prj_2WmnKloNzNT8aQ1tQYoeAuOVNlyc","","","01JXJ2XE9S1EB4TWZHCY287FKV",""
"2025-06-12 12:47:52",1749732472583,"www.createa.meme/api/checkRateLimit","GET","mode=magic&isPlusUser=false",-1,"9c4dd-1749732472203-c2b822476b16","Mozilla/5.0 (Macintosh; Intel Mac OS X 10_15_7) AppleWebKit/537.36 (KHTML, like Gecko) Chrome/137.0.0.0 Safari/537.36","info","production","main","MISS","lambda","/api/checkRateLimit","www.createa.meme","www.createa.meme","dpl_FGWX5yEqtDkVujKCxxERayqxbCWb",-1,"iad1",-1,-1,"[Rate Limit Check] Mode: magic, IP: 162.158.186.28, Limit: 3, Duration: 10800, IsPlusUser: false, Allowed: true","prj_2WmnKloNzNT8aQ1tQYoeAuOVNlyc","","","01JXJ2XDJ7ASJ14BBNNDCRPG5M",""
"2025-06-12 12:47:52",1749732472391,"www.createa.meme/api/checkRateLimit","GET","mode=magic&isPlusUser=false",200,"9c4dd-1749732472203-c2b822476b16","Mozilla/5.0 (Macintosh; Intel Mac OS X 10_15_7) AppleWebKit/537.36 (KHTML, like Gecko) Chrome/137.0.0.0 Safari/537.36","info","production","main","MISS","lambda","/api/checkRateLimit","www.createa.meme","www.createa.meme","dpl_FGWX5yEqtDkVujKCxxERayqxbCWb",175,"iad1",126,1024,"","prj_2WmnKloNzNT8aQ1tQYoeAuOVNlyc","","","01JXJ2XDJ7ASJ14BBNNDCRPG5M","QoXyC7eYwQ4p"
"2025-06-12 12:47:25",1749732445500,"www.createa.meme/_next/image","GET","",200,"9wgz9-1749732445184-38748f41bc50","Mozilla/5.0 (Macintosh; Intel Mac OS X 10_15_7) AppleWebKit/537.36 (KHTML, like Gecko) Chrome/137.0.0.0 Safari/537.36","info","production","","","static","/_next/image","www.createa.meme","www.createa.meme","dpl_FGWX5yEqtDkVujKCxxERayqxbCWb",-1,"",-1,-1,"","prj_2WmnKloNzNT8aQ1tQYoeAuOVNlyc","","","",""
"2025-06-12 11:40:36",1749728436145,"www.createa.meme/api/generateImage","POST","",-1,"bct6f-1749728421180-2c27ec7fcabf","Mozilla/5.0 (Macintosh; Intel Mac OS X 10_15_7) AppleWebKit/537.36 (KHTML, like Gecko) Chrome/116.0.0.0 Safari/537.36","info","production","main","MISS","lambda","/api/generateImage","www.createa.meme","www.createa.meme","dpl_FGWX5yEqtDkVujKCxxERayqxbCWb",-1,"iad1",-1,-1,"AI response: {
  created: 1749728436,
  data: [
    {
      revised_prompt: ""Create a humorous meme featuring a frog dressed in plaid and holding a microphone, as if preparing to sing. As the meme subtext, write: 'When they tell you to croak, but you decide to croak a tune instead.' The meme should be illustrated in a comic style with high contrast between the protagonist frog and a vibrantly colored, fluctuating sound wave background. The overall scene should exude a surreal and funny atmosphere typically seen in popular memes."",
      url: 'https://oaidalleapiprodscus.blob.core.windows.net/private/org-9EzqLC1uE0nijQ5xVnBN9sgL/user-Hju0No6AardUIAJJLFRqlsjh/img-WM105xiqMHtiBefK68CaHezz.png?st=2025-06-12T10%3A40%3A36Z&se=2025-06-12T12%3A40%3A36Z&sp=r&sv=2024-08-04&sr=b&rscd=inline&rsct=image/png&skoid=475fd488-6c59-44a5-9aa9-31c4db451bea&sktid=a48cca56-e6da-484e-a814-9c849652bcb3&skt=2025-06-12T09%3A29%3A05Z&ske=2025-06-13T09%3A29%3A05Z&sks=b&skv=2024-08-04&sig=%2B%2BEGjNB1mkw6RdVYAqmyfs4J5tg1vhzPRCwF9%2BdWkak%3D'
    }
  ]
}","prj_2WmnKloNzNT8aQ1tQYoeAuOVNlyc","","","01JXHZ1SR7AJ183DB6GP3T81ND",""
"2025-06-12 11:40:21",1749728421639,"www.createa.meme/api/generateImage","POST","",200,"bct6f-1749728421180-2c27ec7fcabf","Mozilla/5.0 (Macintosh; Intel Mac OS X 10_15_7) AppleWebKit/537.36 (KHTML, like Gecko) Chrome/116.0.0.0 Safari/537.36","info","production","main","MISS","lambda","/api/generateImage","www.createa.meme","www.createa.meme","dpl_FGWX5yEqtDkVujKCxxERayqxbCWb",14494,"iad1",126,1024,"","prj_2WmnKloNzNT8aQ1tQYoeAuOVNlyc","","","01JXHZ1SR7AJ183DB6GP3T81ND","QoXyC7eYwQ4p"
"2025-06-12 11:40:20",1749728420649,"www.createa.meme/api/checkRateLimit","GET","mode=magic&isPlusUser=false",-1,"7wqv8-1749728419815-022276379ce2","Mozilla/5.0 (Macintosh; Intel Mac OS X 10_15_7) AppleWebKit/537.36 (KHTML, like Gecko) Chrome/116.0.0.0 Safari/537.36","info","production","main","MISS","lambda","/api/checkRateLimit","www.createa.meme","www.createa.meme","dpl_FGWX5yEqtDkVujKCxxERayqxbCWb",-1,"iad1",-1,-1,"[Rate Limit Check] Mode: magic, IP: 104.23.175.215, Limit: 3, Duration: 10800, IsPlusUser: false, Allowed: true","prj_2WmnKloNzNT8aQ1tQYoeAuOVNlyc","","","01JXHZ1RD4GNQKGF39DEED7XME",""
"2025-06-12 11:40:20",1749728420260,"www.createa.meme/api/checkRateLimit","GET","mode=magic&isPlusUser=false",200,"7wqv8-1749728419815-022276379ce2","Mozilla/5.0 (Macintosh; Intel Mac OS X 10_15_7) AppleWebKit/537.36 (KHTML, like Gecko) Chrome/116.0.0.0 Safari/537.36","info","production","main","MISS","lambda","/api/checkRateLimit","www.createa.meme","www.createa.meme","dpl_FGWX5yEqtDkVujKCxxERayqxbCWb",390,"iad1",107,1024,"","prj_2WmnKloNzNT8aQ1tQYoeAuOVNlyc","","","01JXHZ1RD4GNQKGF39DEED7XME","QoXyC7eYwQ4p"
"2025-06-12 11:38:51",1749728331789,"www.createa.meme/_next/image","GET","",200,"t9qwf-1749728331034-7733ad510abb","Mozilla/5.0 (Macintosh; Intel Mac OS X 10_15_7) AppleWebKit/537.36 (KHTML, like Gecko) Chrome/116.0.0.0 Safari/537.36","info","production","","","static","/_next/image","www.createa.meme","www.createa.meme","dpl_FGWX5yEqtDkVujKCxxERayqxbCWb",-1,"",-1,-1,"","prj_2WmnKloNzNT8aQ1tQYoeAuOVNlyc","","","",""
"2025-06-12 11:23:21",1749727401708,"www.createa.meme/_next/image","GET","",200,"rxtqt-1749727400958-1da1fa22ff47","Mozilla/5.0 (Linux; Android 10; K) AppleWebKit/537.36 (KHTML, like Gecko) SamsungBrowser/28.0 Chrome/130.0.0.0 Mobile Safari/537.36","info","production","","","static","/_next/image","www.createa.meme","www.createa.meme","dpl_FGWX5yEqtDkVujKCxxERayqxbCWb",-1,"",-1,-1,"","prj_2WmnKloNzNT8aQ1tQYoeAuOVNlyc","","","",""
"2025-06-12 07:30:59",1749713459031,"www.createa.meme/_next/image","GET","",200,"9q8f9-1749713458257-4637297d1ab2","Mozilla/5.0 (Linux; Android 10; K) AppleWebKit/537.36 (KHTML, like Gecko) Chrome/126.0.0.0 Mobile Safari/537.36","info","production","","","static","/_next/image","www.createa.meme","www.createa.meme","dpl_FGWX5yEqtDkVujKCxxERayqxbCWb",-1,"",-1,-1,"","prj_2WmnKloNzNT8aQ1tQYoeAuOVNlyc","","","",""
"2025-06-12 04:11:19",1749701479457,"www.createa.meme/_next/image","GET","",200,"5kfk8-1749701479298-f66bf8a199f1","Mozilla/5.0 (Macintosh; Intel Mac OS X 10_15_7) AppleWebKit/537.36 (KHTML, like Gecko) Chrome/131.0.0.0 Safari/537.36","info","production","","","static","/_next/image","www.createa.meme","www.createa.meme","dpl_FGWX5yEqtDkVujKCxxERayqxbCWb",-1,"",-1,-1,"","prj_2WmnKloNzNT8aQ1tQYoeAuOVNlyc","","","",""
"2025-06-12 03:10:09",1749697809830,"www.createa.meme/_next/image","GET","",200,"df9vq-1749697809468-c15a4bbda1fc","Mozilla/5.0 (Android 13; Mobile; rv:139.0) Gecko/139.0 Firefox/139.0","info","production","","","static","/_next/image","www.createa.meme","www.createa.meme","dpl_FGWX5yEqtDkVujKCxxERayqxbCWb",-1,"",-1,-1,"","prj_2WmnKloNzNT8aQ1tQYoeAuOVNlyc","","","",""
"2025-06-12 03:10:09",1749697809799,"www.createa.meme/_next/image","GET","",200,"6tfqz-1749697809488-72942cc226f2","Mozilla/5.0 (Android 13; Mobile; rv:139.0) Gecko/139.0 Firefox/139.0","info","production","","","static","/_next/image","www.createa.meme","www.createa.meme","dpl_FGWX5yEqtDkVujKCxxERayqxbCWb",-1,"",-1,-1,"","prj_2WmnKloNzNT8aQ1tQYoeAuOVNlyc","","","",""
"2025-06-12 03:10:09",1749697809781,"www.createa.meme/_next/image","GET","",200,"v96rs-1749697809465-25b632422ab6","Mozilla/5.0 (Android 13; Mobile; rv:139.0) Gecko/139.0 Firefox/139.0","info","production","","","static","/_next/image","www.createa.meme","www.createa.meme","dpl_FGWX5yEqtDkVujKCxxERayqxbCWb",-1,"",-1,-1,"","prj_2WmnKloNzNT8aQ1tQYoeAuOVNlyc","","","",""
"2025-06-12 03:10:09",1749697809760,"www.createa.meme/_next/image","GET","",200,"jt2t4-1749697809468-32b74d5faa7a","Mozilla/5.0 (Android 13; Mobile; rv:139.0) Gecko/139.0 Firefox/139.0","info","production","","","static","/_next/image","www.createa.meme","www.createa.meme","dpl_FGWX5yEqtDkVujKCxxERayqxbCWb",-1,"",-1,-1,"","prj_2WmnKloNzNT8aQ1tQYoeAuOVNlyc","","","",""
"2025-06-12 03:10:09",1749697809730,"www.createa.meme/_next/image","GET","",200,"6qz2w-1749697809488-81864d4b12b3","Mozilla/5.0 (Android 13; Mobile; rv:139.0) Gecko/139.0 Firefox/139.0","info","production","","","static","/_next/image","www.createa.meme","www.createa.meme","dpl_FGWX5yEqtDkVujKCxxERayqxbCWb",-1,"",-1,-1,"","prj_2WmnKloNzNT8aQ1tQYoeAuOVNlyc","","","",""
"2025-06-12 03:10:09",1749697809729,"www.createa.meme/_next/image","GET","",200,"kpkn8-1749697809464-c0e8f245fbfa","Mozilla/5.0 (Android 13; Mobile; rv:139.0) Gecko/139.0 Firefox/139.0","info","production","","","static","/_next/image","www.createa.meme","www.createa.meme","dpl_FGWX5yEqtDkVujKCxxERayqxbCWb",-1,"",-1,-1,"","prj_2WmnKloNzNT8aQ1tQYoeAuOVNlyc","","","",""
"2025-06-12 03:10:09",1749697809722,"www.createa.meme/_next/image","GET","",200,"tqxlq-1749697809488-5bf3f9cbbb3a","Mozilla/5.0 (Android 13; Mobile; rv:139.0) Gecko/139.0 Firefox/139.0","info","production","","","static","/_next/image","www.createa.meme","www.createa.meme","dpl_FGWX5yEqtDkVujKCxxERayqxbCWb",-1,"",-1,-1,"","prj_2WmnKloNzNT8aQ1tQYoeAuOVNlyc","","","",""
"2025-06-12 03:10:09",1749697809704,"www.createa.meme/_next/image","GET","",200,"tmcvj-1749697809488-6a8fdf9f27a7","Mozilla/5.0 (Android 13; Mobile; rv:139.0) Gecko/139.0 Firefox/139.0","info","production","","","static","/_next/image","www.createa.meme","www.createa.meme","dpl_FGWX5yEqtDkVujKCxxERayqxbCWb",-1,"",-1,-1,"","prj_2WmnKloNzNT8aQ1tQYoeAuOVNlyc","","","",""
"2025-06-12 03:10:09",1749697809701,"www.createa.meme/_next/image","GET","",200,"wldxg-1749697809488-e9049a606b8f","Mozilla/5.0 (Android 13; Mobile; rv:139.0) Gecko/139.0 Firefox/139.0","info","production","","","static","/_next/image","www.createa.meme","www.createa.meme","dpl_FGWX5yEqtDkVujKCxxERayqxbCWb",-1,"",-1,-1,"","prj_2WmnKloNzNT8aQ1tQYoeAuOVNlyc","","","",""
"2025-06-12 03:10:09",1749697809697,"www.createa.meme/_next/image","GET","",200,"jxsm6-1749697809488-1fdb6c4e370c","Mozilla/5.0 (Android 13; Mobile; rv:139.0) Gecko/139.0 Firefox/139.0","info","production","","","static","/_next/image","www.createa.meme","www.createa.meme","dpl_FGWX5yEqtDkVujKCxxERayqxbCWb",-1,"",-1,-1,"","prj_2WmnKloNzNT8aQ1tQYoeAuOVNlyc","","","",""
"2025-06-12 03:10:09",1749697809685,"www.createa.meme/_next/image","GET","",200,"7vdmg-1749697809488-7161871ad226","Mozilla/5.0 (Android 13; Mobile; rv:139.0) Gecko/139.0 Firefox/139.0","info","production","","","static","/_next/image","www.createa.meme","www.createa.meme","dpl_FGWX5yEqtDkVujKCxxERayqxbCWb",-1,"",-1,-1,"","prj_2WmnKloNzNT8aQ1tQYoeAuOVNlyc","","","",""
"2025-06-12 03:10:09",1749697809662,"www.createa.meme/_next/image","GET","",200,"n5gcs-1749697809488-f91bf1f70d78","Mozilla/5.0 (Android 13; Mobile; rv:139.0) Gecko/139.0 Firefox/139.0","info","production","","","static","/_next/image","www.createa.meme","www.createa.meme","dpl_FGWX5yEqtDkVujKCxxERayqxbCWb",-1,"",-1,-1,"","prj_2WmnKloNzNT8aQ1tQYoeAuOVNlyc","","","",""
"2025-06-12 03:10:09",1749697809626,"www.createa.meme/_next/image","GET","",200,"fg4kh-1749697809488-3eb307b5492c","Mozilla/5.0 (Android 13; Mobile; rv:139.0) Gecko/139.0 Firefox/139.0","info","production","","","static","/_next/image","www.createa.meme","www.createa.meme","dpl_FGWX5yEqtDkVujKCxxERayqxbCWb",-1,"",-1,-1,"","prj_2WmnKloNzNT8aQ1tQYoeAuOVNlyc","","","",""
"2025-06-12 03:10:09",1749697809554,"www.createa.meme/_next/image","GET","",200,"rw8tf-1749697809462-d1579511c288","Mozilla/5.0 (Android 13; Mobile; rv:139.0) Gecko/139.0 Firefox/139.0","info","production","","","static","/_next/image","www.createa.meme","www.createa.meme","dpl_FGWX5yEqtDkVujKCxxERayqxbCWb",-1,"",-1,-1,"","prj_2WmnKloNzNT8aQ1tQYoeAuOVNlyc","","","",""
"2025-06-12 03:10:09",1749697809418,"www.createa.meme/_next/image","GET","",200,"jv8ds-1749697809230-6dddcaf91e75","Mozilla/5.0 (Android 13; Mobile; rv:139.0) Gecko/139.0 Firefox/139.0","info","production","","","static","/_next/image","www.createa.meme","www.createa.meme","dpl_FGWX5yEqtDkVujKCxxERayqxbCWb",-1,"",-1,-1,"","prj_2WmnKloNzNT8aQ1tQYoeAuOVNlyc","","","",""
"2025-06-12 03:09:48",1749697788821,"www.createa.meme/_next/image","GET","",200,"mlkx6-1749697788415-0154a9cd0d2f","Mozilla/5.0 (Android 13; Mobile; rv:139.0) Gecko/139.0 Firefox/139.0","info","production","","","static","/_next/image","www.createa.meme","www.createa.meme","dpl_FGWX5yEqtDkVujKCxxERayqxbCWb",-1,"",-1,-1,"","prj_2WmnKloNzNT8aQ1tQYoeAuOVNlyc","","","",""
"2025-06-12 03:09:48",1749697788757,"www.createa.meme/_next/image","GET","",200,"z6mcx-1749697788411-f1db5a4c4a93","Mozilla/5.0 (Android 13; Mobile; rv:139.0) Gecko/139.0 Firefox/139.0","info","production","","","static","/_next/image","www.createa.meme","www.createa.meme","dpl_FGWX5yEqtDkVujKCxxERayqxbCWb",-1,"",-1,-1,"","prj_2WmnKloNzNT8aQ1tQYoeAuOVNlyc","","","",""
"2025-06-12 03:09:48",1749697788753,"www.createa.meme/_next/image","GET","",200,"224jc-1749697788412-94a396d174d7","Mozilla/5.0 (Android 13; Mobile; rv:139.0) Gecko/139.0 Firefox/139.0","info","production","","","static","/_next/image","www.createa.meme","www.createa.meme","dpl_FGWX5yEqtDkVujKCxxERayqxbCWb",-1,"",-1,-1,"","prj_2WmnKloNzNT8aQ1tQYoeAuOVNlyc","","","",""
"2025-06-12 03:09:48",1749697788749,"www.createa.meme/_next/image","GET","",200,"8p5r8-1749697788415-ba7088259863","Mozilla/5.0 (Android 13; Mobile; rv:139.0) Gecko/139.0 Firefox/139.0","info","production","","","static","/_next/image","www.createa.meme","www.createa.meme","dpl_FGWX5yEqtDkVujKCxxERayqxbCWb",-1,"",-1,-1,"","prj_2WmnKloNzNT8aQ1tQYoeAuOVNlyc","","","",""
"2025-06-12 03:09:48",1749697788736,"www.createa.meme/_next/image","GET","",200,"nxrvl-1749697788416-89d1d02be80b","Mozilla/5.0 (Android 13; Mobile; rv:139.0) Gecko/139.0 Firefox/139.0","info","production","","","static","/_next/image","www.createa.meme","www.createa.meme","dpl_FGWX5yEqtDkVujKCxxERayqxbCWb",-1,"",-1,-1,"","prj_2WmnKloNzNT8aQ1tQYoeAuOVNlyc","","","",""
"2025-06-12 03:09:48",1749697788691,"www.createa.meme/_next/image","GET","",200,"224jc-1749697788413-b529195c9475","Mozilla/5.0 (Android 13; Mobile; rv:139.0) Gecko/139.0 Firefox/139.0","info","production","","","static","/_next/image","www.createa.meme","www.createa.meme","dpl_FGWX5yEqtDkVujKCxxERayqxbCWb",-1,"",-1,-1,"","prj_2WmnKloNzNT8aQ1tQYoeAuOVNlyc","","","",""
"2025-06-12 03:08:40",1749697720501,"www.createa.meme/_next/image","GET","",200,"m55cd-1749697720213-4e76a57a0a00","Mozilla/5.0 (Android 13; Mobile; rv:139.0) Gecko/139.0 Firefox/139.0","info","production","","","static","/_next/image","www.createa.meme","www.createa.meme","dpl_FGWX5yEqtDkVujKCxxERayqxbCWb",-1,"",-1,-1,"","prj_2WmnKloNzNT8aQ1tQYoeAuOVNlyc","","","",""
"2025-06-12 03:08:40",1749697720472,"www.createa.meme/_next/image","GET","",200,"bkt7p-1749697720042-02a7c5b81a16","Mozilla/5.0 (Android 13; Mobile; rv:139.0) Gecko/139.0 Firefox/139.0","info","production","","","static","/_next/image","www.createa.meme","www.createa.meme","dpl_FGWX5yEqtDkVujKCxxERayqxbCWb",-1,"",-1,-1,"","prj_2WmnKloNzNT8aQ1tQYoeAuOVNlyc","","","",""
"2025-06-12 03:08:40",1749697720414,"www.createa.meme/_next/image","GET","",200,"bkjpn-1749697720210-3b59af5097e1","Mozilla/5.0 (Android 13; Mobile; rv:139.0) Gecko/139.0 Firefox/139.0","info","production","","","static","/_next/image","www.createa.meme","www.createa.meme","dpl_FGWX5yEqtDkVujKCxxERayqxbCWb",-1,"",-1,-1,"","prj_2WmnKloNzNT8aQ1tQYoeAuOVNlyc","","","",""
"2025-06-12 03:08:40",1749697720274,"www.createa.meme/_next/image","GET","",200,"whxbk-1749697720026-c20734d42365","Mozilla/5.0 (Android 13; Mobile; rv:139.0) Gecko/139.0 Firefox/139.0","info","production","","","static","/_next/image","www.createa.meme","www.createa.meme","dpl_FGWX5yEqtDkVujKCxxERayqxbCWb",-1,"",-1,-1,"","prj_2WmnKloNzNT8aQ1tQYoeAuOVNlyc","","","",""
"2025-06-12 03:08:40",1749697720250,"www.createa.meme/_next/image","GET","",200,"dvz6n-1749697720042-6a5760d8e12b","Mozilla/5.0 (Android 13; Mobile; rv:139.0) Gecko/139.0 Firefox/139.0","info","production","","","static","/_next/image","www.createa.meme","www.createa.meme","dpl_FGWX5yEqtDkVujKCxxERayqxbCWb",-1,"",-1,-1,"","prj_2WmnKloNzNT8aQ1tQYoeAuOVNlyc","","","",""
"2025-06-12 03:08:40",1749697720241,"www.createa.meme/_next/image","GET","",200,"8cdlw-1749697720040-a3830a496936","Mozilla/5.0 (Android 13; Mobile; rv:139.0) Gecko/139.0 Firefox/139.0","info","production","","","static","/_next/image","www.createa.meme","www.createa.meme","dpl_FGWX5yEqtDkVujKCxxERayqxbCWb",-1,"",-1,-1,"","prj_2WmnKloNzNT8aQ1tQYoeAuOVNlyc","","","",""
"2025-06-12 03:08:40",1749697720200,"www.createa.meme/_next/image","GET","",200,"95fhl-1749697720041-eb1f780ae304","Mozilla/5.0 (Android 13; Mobile; rv:139.0) Gecko/139.0 Firefox/139.0","info","production","","","static","/_next/image","www.createa.meme","www.createa.meme","dpl_FGWX5yEqtDkVujKCxxERayqxbCWb",-1,"",-1,-1,"","prj_2WmnKloNzNT8aQ1tQYoeAuOVNlyc","","","",""
"2025-06-12 03:08:39",1749697719101,"www.createa.meme/_next/image","GET","",200,"5k8lj-1749697718757-74ec5c97cbe7","Mozilla/5.0 (Android 13; Mobile; rv:139.0) Gecko/139.0 Firefox/139.0","info","production","","","static","/_next/image","www.createa.meme","www.createa.meme","dpl_FGWX5yEqtDkVujKCxxERayqxbCWb",-1,"",-1,-1,"","prj_2WmnKloNzNT8aQ1tQYoeAuOVNlyc","","","",""
"2025-06-12 03:08:39",1749697719099,"www.createa.meme/_next/image","GET","",200,"xk66c-1749697718753-9ac61e91fc91","Mozilla/5.0 (Android 13; Mobile; rv:139.0) Gecko/139.0 Firefox/139.0","info","production","","","static","/_next/image","www.createa.meme","www.createa.meme","dpl_FGWX5yEqtDkVujKCxxERayqxbCWb",-1,"",-1,-1,"","prj_2WmnKloNzNT8aQ1tQYoeAuOVNlyc","","","",""
"2025-06-12 03:08:39",1749697719093,"www.createa.meme/_next/image","GET","",200,"9lq26-1749697718752-77a1104cea8c","Mozilla/5.0 (Android 13; Mobile; rv:139.0) Gecko/139.0 Firefox/139.0","info","production","","","static","/_next/image","www.createa.meme","www.createa.meme","dpl_FGWX5yEqtDkVujKCxxERayqxbCWb",-1,"",-1,-1,"","prj_2WmnKloNzNT8aQ1tQYoeAuOVNlyc","","","",""
"2025-06-12 03:08:39",1749697719020,"www.createa.meme/_next/image","GET","",200,"zhzr6-1749697718752-1cca73e2b268","Mozilla/5.0 (Android 13; Mobile; rv:139.0) Gecko/139.0 Firefox/139.0","info","production","","","static","/_next/image","www.createa.meme","www.createa.meme","dpl_FGWX5yEqtDkVujKCxxERayqxbCWb",-1,"",-1,-1,"","prj_2WmnKloNzNT8aQ1tQYoeAuOVNlyc","","","",""
"2025-06-12 03:08:38",1749697718995,"www.createa.meme/_next/image","GET","",200,"whxbk-1749697718752-45a8e8575f93","Mozilla/5.0 (Android 13; Mobile; rv:139.0) Gecko/139.0 Firefox/139.0","info","production","","","static","/_next/image","www.createa.meme","www.createa.meme","dpl_FGWX5yEqtDkVujKCxxERayqxbCWb",-1,"",-1,-1,"","prj_2WmnKloNzNT8aQ1tQYoeAuOVNlyc","","","",""
"2025-06-12 03:08:38",1749697718986,"www.createa.meme/_next/image","GET","",200,"whxbk-1749697718752-0cbdc9d90167","Mozilla/5.0 (Android 13; Mobile; rv:139.0) Gecko/139.0 Firefox/139.0","info","production","","","static","/_next/image","www.createa.meme","www.createa.meme","dpl_FGWX5yEqtDkVujKCxxERayqxbCWb",-1,"",-1,-1,"","prj_2WmnKloNzNT8aQ1tQYoeAuOVNlyc","","","",""
"2025-06-12 03:08:38",1749697718984,"www.createa.meme/_next/image","GET","",200,"2d4fn-1749697718727-dceeb41bbe75","Mozilla/5.0 (Android 13; Mobile; rv:139.0) Gecko/139.0 Firefox/139.0","info","production","","","static","/_next/image","www.createa.meme","www.createa.meme","dpl_FGWX5yEqtDkVujKCxxERayqxbCWb",-1,"",-1,-1,"","prj_2WmnKloNzNT8aQ1tQYoeAuOVNlyc","","","",""
"2025-06-12 03:08:38",1749697718959,"www.createa.meme/_next/image","GET","",200,"mlkx6-1749697718752-7049f0520bb4","Mozilla/5.0 (Android 13; Mobile; rv:139.0) Gecko/139.0 Firefox/139.0","info","production","","","static","/_next/image","www.createa.meme","www.createa.meme","dpl_FGWX5yEqtDkVujKCxxERayqxbCWb",-1,"",-1,-1,"","prj_2WmnKloNzNT8aQ1tQYoeAuOVNlyc","","","",""
"2025-06-12 03:08:38",1749697718948,"www.createa.meme/_next/image","GET","",200,"dlmbc-1749697718752-40135667ddec","Mozilla/5.0 (Android 13; Mobile; rv:139.0) Gecko/139.0 Firefox/139.0","info","production","","","static","/_next/image","www.createa.meme","www.createa.meme","dpl_FGWX5yEqtDkVujKCxxERayqxbCWb",-1,"",-1,-1,"","prj_2WmnKloNzNT8aQ1tQYoeAuOVNlyc","","","",""
"2025-06-12 03:08:38",1749697718923,"www.createa.meme/_next/image","GET","",200,"zf4l4-1749697718729-bf3e454dc4c0","Mozilla/5.0 (Android 13; Mobile; rv:139.0) Gecko/139.0 Firefox/139.0","info","production","","","static","/_next/image","www.createa.meme","www.createa.meme","dpl_FGWX5yEqtDkVujKCxxERayqxbCWb",-1,"",-1,-1,"","prj_2WmnKloNzNT8aQ1tQYoeAuOVNlyc","","","",""
"2025-06-12 03:08:38",1749697718914,"www.createa.meme/_next/image","GET","",200,"vrtd4-1749697718752-0f02f81797fb","Mozilla/5.0 (Android 13; Mobile; rv:139.0) Gecko/139.0 Firefox/139.0","info","production","","","static","/_next/image","www.createa.meme","www.createa.meme","dpl_FGWX5yEqtDkVujKCxxERayqxbCWb",-1,"",-1,-1,"","prj_2WmnKloNzNT8aQ1tQYoeAuOVNlyc","","","",""
"2025-06-12 03:08:38",1749697718911,"www.createa.meme/_next/image","GET","",200,"95fhl-1749697718753-421a47909994","Mozilla/5.0 (Android 13; Mobile; rv:139.0) Gecko/139.0 Firefox/139.0","info","production","","","static","/_next/image","www.createa.meme","www.createa.meme","dpl_FGWX5yEqtDkVujKCxxERayqxbCWb",-1,"",-1,-1,"","prj_2WmnKloNzNT8aQ1tQYoeAuOVNlyc","","","",""
"2025-06-12 03:08:38",1749697718874,"www.createa.meme/_next/image","GET","",200,"l98sl-1749697718732-1005837f2289","Mozilla/5.0 (Android 13; Mobile; rv:139.0) Gecko/139.0 Firefox/139.0","info","production","","","static","/_next/image","www.createa.meme","www.createa.meme","dpl_FGWX5yEqtDkVujKCxxERayqxbCWb",-1,"",-1,-1,"","prj_2WmnKloNzNT8aQ1tQYoeAuOVNlyc","","","",""
"2025-06-12 03:08:38",1749697718852,"www.createa.meme/_next/image","GET","",200,"mhrlv-1749697718729-970f15f5a1f5","Mozilla/5.0 (Android 13; Mobile; rv:139.0) Gecko/139.0 Firefox/139.0","info","production","","","static","/_next/image","www.createa.meme","www.createa.meme","dpl_FGWX5yEqtDkVujKCxxERayqxbCWb",-1,"",-1,-1,"","prj_2WmnKloNzNT8aQ1tQYoeAuOVNlyc","","","",""
"2025-06-12 03:08:38",1749697718830,"www.createa.meme/_next/image","GET","",200,"mrkx4-1749697718729-48e9df4965ba","Mozilla/5.0 (Android 13; Mobile; rv:139.0) Gecko/139.0 Firefox/139.0","info","production","","","static","/_next/image","www.createa.meme","www.createa.meme","dpl_FGWX5yEqtDkVujKCxxERayqxbCWb",-1,"",-1,-1,"","prj_2WmnKloNzNT8aQ1tQYoeAuOVNlyc","","","",""
"2025-06-12 03:08:38",1749697718668,"www.createa.meme/_next/image","GET","",200,"bkt7p-1749697718220-76dfbc7a1ad2","Mozilla/5.0 (Android 13; Mobile; rv:139.0) Gecko/139.0 Firefox/139.0","info","production","","","static","/_next/image","www.createa.meme","www.createa.meme","dpl_FGWX5yEqtDkVujKCxxERayqxbCWb",-1,"",-1,-1,"","prj_2WmnKloNzNT8aQ1tQYoeAuOVNlyc","","","",""
"2025-06-12 03:08:38",1749697718624,"www.createa.meme/_next/image","GET","",200,"kn4lr-1749697718221-8eb6f51617ad","Mozilla/5.0 (Android 13; Mobile; rv:139.0) Gecko/139.0 Firefox/139.0","info","production","","","static","/_next/image","www.createa.meme","www.createa.meme","dpl_FGWX5yEqtDkVujKCxxERayqxbCWb",-1,"",-1,-1,"","prj_2WmnKloNzNT8aQ1tQYoeAuOVNlyc","","","",""
"2025-06-12 03:08:38",1749697718553,"www.createa.meme/_next/image","GET","",200,"gmfjk-1749697718221-9e512709ed1f","Mozilla/5.0 (Android 13; Mobile; rv:139.0) Gecko/139.0 Firefox/139.0","info","production","","","static","/_next/image","www.createa.meme","www.createa.meme","dpl_FGWX5yEqtDkVujKCxxERayqxbCWb",-1,"",-1,-1,"","prj_2WmnKloNzNT8aQ1tQYoeAuOVNlyc","","","",""
"2025-06-12 03:08:38",1749697718433,"www.createa.meme/_next/image","GET","",200,"wqxdt-1749697718221-ee445b199601","Mozilla/5.0 (Android 13; Mobile; rv:139.0) Gecko/139.0 Firefox/139.0","info","production","","","static","/_next/image","www.createa.meme","www.createa.meme","dpl_FGWX5yEqtDkVujKCxxERayqxbCWb",-1,"",-1,-1,"","prj_2WmnKloNzNT8aQ1tQYoeAuOVNlyc","","","",""
"2025-06-12 03:08:23",1749697703213,"www.createa.meme/_next/image","GET","",200,"x4krt-1749697702715-0317faa9e768","Mozilla/5.0 (Android 13; Mobile; rv:139.0) Gecko/139.0 Firefox/139.0","info","production","","","static","/_next/image","www.createa.meme","www.createa.meme","dpl_FGWX5yEqtDkVujKCxxERayqxbCWb",-1,"",-1,-1,"","prj_2WmnKloNzNT8aQ1tQYoeAuOVNlyc","","","",""
"2025-06-12 03:08:23",1749697703122,"www.createa.meme/_next/image","GET","",200,"mptlh-1749697702943-4bdbcb133750","Mozilla/5.0 (Android 13; Mobile; rv:139.0) Gecko/139.0 Firefox/139.0","info","production","","","static","/_next/image","www.createa.meme","www.createa.meme","dpl_FGWX5yEqtDkVujKCxxERayqxbCWb",-1,"",-1,-1,"","prj_2WmnKloNzNT8aQ1tQYoeAuOVNlyc","","","",""
"2025-06-12 03:08:23",1749697703110,"www.createa.meme/_next/image","GET","",200,"wspn6-1749697702705-b10caa808f7d","Mozilla/5.0 (Android 13; Mobile; rv:139.0) Gecko/139.0 Firefox/139.0","info","production","","","static","/_next/image","www.createa.meme","www.createa.meme","dpl_FGWX5yEqtDkVujKCxxERayqxbCWb",-1,"",-1,-1,"","prj_2WmnKloNzNT8aQ1tQYoeAuOVNlyc","","","",""
"2025-06-12 03:08:23",1749697703064,"www.createa.meme/_next/image","GET","",200,"6rkqw-1749697702707-9056bf74218a","Mozilla/5.0 (Android 13; Mobile; rv:139.0) Gecko/139.0 Firefox/139.0","info","production","","","static","/_next/image","www.createa.meme","www.createa.meme","dpl_FGWX5yEqtDkVujKCxxERayqxbCWb",-1,"",-1,-1,"","prj_2WmnKloNzNT8aQ1tQYoeAuOVNlyc","","","",""
"2025-06-12 03:08:23",1749697703059,"www.createa.meme/_next/image","GET","",200,"zsgz6-1749697702712-88b0dcd1ef29","Mozilla/5.0 (Android 13; Mobile; rv:139.0) Gecko/139.0 Firefox/139.0","info","production","","","static","/_next/image","www.createa.meme","www.createa.meme","dpl_FGWX5yEqtDkVujKCxxERayqxbCWb",-1,"",-1,-1,"","prj_2WmnKloNzNT8aQ1tQYoeAuOVNlyc","","","",""
"2025-06-12 03:08:23",1749697703040,"www.createa.meme/_next/image","GET","",200,"8lbhb-1749697702704-9929fbdf00f7","Mozilla/5.0 (Android 13; Mobile; rv:139.0) Gecko/139.0 Firefox/139.0","info","production","","","static","/_next/image","www.createa.meme","www.createa.meme","dpl_FGWX5yEqtDkVujKCxxERayqxbCWb",-1,"",-1,-1,"","prj_2WmnKloNzNT8aQ1tQYoeAuOVNlyc","","","",""
"2025-06-12 03:08:23",1749697703007,"www.createa.meme/_next/image","GET","",200,"mq7nz-1749697702715-24a00155e705","Mozilla/5.0 (Android 13; Mobile; rv:139.0) Gecko/139.0 Firefox/139.0","info","production","","","static","/_next/image","www.createa.meme","www.createa.meme","dpl_FGWX5yEqtDkVujKCxxERayqxbCWb",-1,"",-1,-1,"","prj_2WmnKloNzNT8aQ1tQYoeAuOVNlyc","","","",""
"2025-06-12 03:08:22",1749697702999,"www.createa.meme/_next/image","GET","",200,"v69tf-1749697702719-0d47e379ef50","Mozilla/5.0 (Android 13; Mobile; rv:139.0) Gecko/139.0 Firefox/139.0","info","production","","","static","/_next/image","www.createa.meme","www.createa.meme","dpl_FGWX5yEqtDkVujKCxxERayqxbCWb",-1,"",-1,-1,"","prj_2WmnKloNzNT8aQ1tQYoeAuOVNlyc","","","",""
"2025-06-12 03:08:22",1749697702998,"www.createa.meme/_next/image","GET","",200,"5m5jr-1749697702710-f711e120e939","Mozilla/5.0 (Android 13; Mobile; rv:139.0) Gecko/139.0 Firefox/139.0","info","production","","","static","/_next/image","www.createa.meme","www.createa.meme","dpl_FGWX5yEqtDkVujKCxxERayqxbCWb",-1,"",-1,-1,"","prj_2WmnKloNzNT8aQ1tQYoeAuOVNlyc","","","",""
"2025-06-12 03:08:22",1749697702980,"www.createa.meme/_next/image","GET","",200,"twxbg-1749697702735-7c58d49c700e","Mozilla/5.0 (Android 13; Mobile; rv:139.0) Gecko/139.0 Firefox/139.0","info","production","","","static","/_next/image","www.createa.meme","www.createa.meme","dpl_FGWX5yEqtDkVujKCxxERayqxbCWb",-1,"",-1,-1,"","prj_2WmnKloNzNT8aQ1tQYoeAuOVNlyc","","","",""
"2025-06-12 03:08:22",1749697702931,"www.createa.meme/_next/image","GET","",200,"rzrm5-1749697702704-a9be9c91b66d","Mozilla/5.0 (Android 13; Mobile; rv:139.0) Gecko/139.0 Firefox/139.0","info","production","","","static","/_next/image","www.createa.meme","www.createa.meme","dpl_FGWX5yEqtDkVujKCxxERayqxbCWb",-1,"",-1,-1,"","prj_2WmnKloNzNT8aQ1tQYoeAuOVNlyc","","","",""
"2025-06-12 03:08:22",1749697702920,"www.createa.meme/_next/image","GET","",200,"c66bt-1749697702605-efeb3a397aeb","Mozilla/5.0 (Android 13; Mobile; rv:139.0) Gecko/139.0 Firefox/139.0","info","production","","","static","/_next/image","www.createa.meme","www.createa.meme","dpl_FGWX5yEqtDkVujKCxxERayqxbCWb",-1,"",-1,-1,"","prj_2WmnKloNzNT8aQ1tQYoeAuOVNlyc","","","",""
"2025-06-12 03:08:22",1749697702912,"www.createa.meme/_next/image","GET","",200,"w7snl-1749697702705-1aacf6e9c23c","Mozilla/5.0 (Android 13; Mobile; rv:139.0) Gecko/139.0 Firefox/139.0","info","production","","","static","/_next/image","www.createa.meme","www.createa.meme","dpl_FGWX5yEqtDkVujKCxxERayqxbCWb",-1,"",-1,-1,"","prj_2WmnKloNzNT8aQ1tQYoeAuOVNlyc","","","",""
"2025-06-12 03:08:22",1749697702901,"www.createa.meme/_next/image","GET","",200,"5mbxs-1749697702605-e44e213e81dc","Mozilla/5.0 (Android 13; Mobile; rv:139.0) Gecko/139.0 Firefox/139.0","info","production","","","static","/_next/image","www.createa.meme","www.createa.meme","dpl_FGWX5yEqtDkVujKCxxERayqxbCWb",-1,"",-1,-1,"","prj_2WmnKloNzNT8aQ1tQYoeAuOVNlyc","","","",""
"2025-06-12 03:08:22",1749697702863,"www.createa.meme/_next/image","GET","",200,"vlznp-1749697702608-89e686b16799","Mozilla/5.0 (Android 13; Mobile; rv:139.0) Gecko/139.0 Firefox/139.0","info","production","","","static","/_next/image","www.createa.meme","www.createa.meme","dpl_FGWX5yEqtDkVujKCxxERayqxbCWb",-1,"",-1,-1,"","prj_2WmnKloNzNT8aQ1tQYoeAuOVNlyc","","","",""
"2025-06-12 03:08:22",1749697702854,"www.createa.meme/_next/image","GET","",200,"27ws8-1749697702704-b3ff85e8241d","Mozilla/5.0 (Android 13; Mobile; rv:139.0) Gecko/139.0 Firefox/139.0","info","production","","","static","/_next/image","www.createa.meme","www.createa.meme","dpl_FGWX5yEqtDkVujKCxxERayqxbCWb",-1,"",-1,-1,"","prj_2WmnKloNzNT8aQ1tQYoeAuOVNlyc","","","",""
"2025-06-12 03:08:22",1749697702712,"www.createa.meme/_next/image","GET","",200,"gz6c7-1749697702617-38af484907a4","Mozilla/5.0 (Android 13; Mobile; rv:139.0) Gecko/139.0 Firefox/139.0","info","production","","","static","/_next/image","www.createa.meme","www.createa.meme","dpl_FGWX5yEqtDkVujKCxxERayqxbCWb",-1,"",-1,-1,"","prj_2WmnKloNzNT8aQ1tQYoeAuOVNlyc","","","",""
"2025-06-12 03:08:22",1749697702702,"www.createa.meme/_next/image","GET","",200,"smrlv-1749697702606-68afe3314fa0","Mozilla/5.0 (Android 13; Mobile; rv:139.0) Gecko/139.0 Firefox/139.0","info","production","","","static","/_next/image","www.createa.meme","www.createa.meme","dpl_FGWX5yEqtDkVujKCxxERayqxbCWb",-1,"",-1,-1,"","prj_2WmnKloNzNT8aQ1tQYoeAuOVNlyc","","","",""
"2025-06-12 03:07:02",1749697622166,"www.createa.meme/_next/image","GET","",200,"fwsvm-1749697621668-f96b12e9659b","Mozilla/5.0 (Android 13; Mobile; rv:139.0) Gecko/139.0 Firefox/139.0","info","production","","","static","/_next/image","www.createa.meme","www.createa.meme","dpl_FGWX5yEqtDkVujKCxxERayqxbCWb",-1,"",-1,-1,"","prj_2WmnKloNzNT8aQ1tQYoeAuOVNlyc","","","",""
"2025-06-12 03:07:02",1749697622153,"www.createa.meme/_next/image","GET","",200,"xk66c-1749697621638-ea13d8bb2429","Mozilla/5.0 (Android 13; Mobile; rv:139.0) Gecko/139.0 Firefox/139.0","info","production","","","static","/_next/image","www.createa.meme","www.createa.meme","dpl_FGWX5yEqtDkVujKCxxERayqxbCWb",-1,"",-1,-1,"","prj_2WmnKloNzNT8aQ1tQYoeAuOVNlyc","","","",""
"2025-06-12 03:07:02",1749697622122,"www.createa.meme/_next/image","GET","",200,"kpkn8-1749697621721-e89282cea995","Mozilla/5.0 (Android 13; Mobile; rv:139.0) Gecko/139.0 Firefox/139.0","info","production","","","static","/_next/image","www.createa.meme","www.createa.meme","dpl_FGWX5yEqtDkVujKCxxERayqxbCWb",-1,"",-1,-1,"","prj_2WmnKloNzNT8aQ1tQYoeAuOVNlyc","","","",""
"2025-06-12 03:07:02",1749697622107,"www.createa.meme/_next/image","GET","",200,"cd5pj-1749697621676-5ee6e1c77fa5","Mozilla/5.0 (Android 13; Mobile; rv:139.0) Gecko/139.0 Firefox/139.0","info","production","","","static","/_next/image","www.createa.meme","www.createa.meme","dpl_FGWX5yEqtDkVujKCxxERayqxbCWb",-1,"",-1,-1,"","prj_2WmnKloNzNT8aQ1tQYoeAuOVNlyc","","","",""
"2025-06-12 03:07:02",1749697622090,"www.createa.meme/_next/image","GET","",200,"tmcvj-1749697621644-70f0ee9d3c1a","Mozilla/5.0 (Android 13; Mobile; rv:139.0) Gecko/139.0 Firefox/139.0","info","production","","","static","/_next/image","www.createa.meme","www.createa.meme","dpl_FGWX5yEqtDkVujKCxxERayqxbCWb",-1,"",-1,-1,"","prj_2WmnKloNzNT8aQ1tQYoeAuOVNlyc","","","",""
"2025-06-12 03:07:02",1749697622089,"www.createa.meme/_next/image","GET","",200,"hrssm-1749697621690-b2a75b7360b6","Mozilla/5.0 (Android 13; Mobile; rv:139.0) Gecko/139.0 Firefox/139.0","info","production","","","static","/_next/image","www.createa.meme","www.createa.meme","dpl_FGWX5yEqtDkVujKCxxERayqxbCWb",-1,"",-1,-1,"","prj_2WmnKloNzNT8aQ1tQYoeAuOVNlyc","","","",""
"2025-06-12 03:07:02",1749697622077,"www.createa.meme/_next/image","GET","",200,"b7p88-1749697621654-a5dcbbd0065a","Mozilla/5.0 (Android 13; Mobile; rv:139.0) Gecko/139.0 Firefox/139.0","info","production","","","static","/_next/image","www.createa.meme","www.createa.meme","dpl_FGWX5yEqtDkVujKCxxERayqxbCWb",-1,"",-1,-1,"","prj_2WmnKloNzNT8aQ1tQYoeAuOVNlyc","","","",""
"2025-06-12 03:07:02",1749697622064,"www.createa.meme/_next/image","GET","",200,"tklkf-1749697621729-dce50e61212c","Mozilla/5.0 (Android 13; Mobile; rv:139.0) Gecko/139.0 Firefox/139.0","info","production","","","static","/_next/image","www.createa.meme","www.createa.meme","dpl_FGWX5yEqtDkVujKCxxERayqxbCWb",-1,"",-1,-1,"","prj_2WmnKloNzNT8aQ1tQYoeAuOVNlyc","","","",""
"2025-06-12 03:07:02",1749697622051,"www.createa.meme/_next/image","GET","",200,"5fz4n-1749697621679-089536aaefb5","Mozilla/5.0 (Android 13; Mobile; rv:139.0) Gecko/139.0 Firefox/139.0","info","production","","","static","/_next/image","www.createa.meme","www.createa.meme","dpl_FGWX5yEqtDkVujKCxxERayqxbCWb",-1,"",-1,-1,"","prj_2WmnKloNzNT8aQ1tQYoeAuOVNlyc","","","",""
"2025-06-12 03:07:02",1749697622035,"www.createa.meme/_next/image","GET","",200,"mbtr9-1749697621697-b087cb5d2ac6","Mozilla/5.0 (Android 13; Mobile; rv:139.0) Gecko/139.0 Firefox/139.0","info","production","","","static","/_next/image","www.createa.meme","www.createa.meme","dpl_FGWX5yEqtDkVujKCxxERayqxbCWb",-1,"",-1,-1,"","prj_2WmnKloNzNT8aQ1tQYoeAuOVNlyc","","","",""
"2025-06-12 03:07:02",1749697622031,"www.createa.meme/_next/image","GET","",200,"x64rl-1749697621816-a453406803f7","Mozilla/5.0 (Android 13; Mobile; rv:139.0) Gecko/139.0 Firefox/139.0","info","production","","","static","/_next/image","www.createa.meme","www.createa.meme","dpl_FGWX5yEqtDkVujKCxxERayqxbCWb",-1,"",-1,-1,"","prj_2WmnKloNzNT8aQ1tQYoeAuOVNlyc","","","",""
"2025-06-12 03:07:02",1749697622022,"www.createa.meme/_next/image","GET","",200,"xk66c-1749697621789-8e69495206c6","Mozilla/5.0 (Android 13; Mobile; rv:139.0) Gecko/139.0 Firefox/139.0","info","production","","","static","/_next/image","www.createa.meme","www.createa.meme","dpl_FGWX5yEqtDkVujKCxxERayqxbCWb",-1,"",-1,-1,"","prj_2WmnKloNzNT8aQ1tQYoeAuOVNlyc","","","",""
"2025-06-12 03:07:01",1749697621982,"www.createa.meme/_next/image","GET","",200,"hzvdm-1749697621673-3b0e2266d77a","Mozilla/5.0 (Android 13; Mobile; rv:139.0) Gecko/139.0 Firefox/139.0","info","production","","","static","/_next/image","www.createa.meme","www.createa.meme","dpl_FGWX5yEqtDkVujKCxxERayqxbCWb",-1,"",-1,-1,"","prj_2WmnKloNzNT8aQ1tQYoeAuOVNlyc","","","",""
"2025-06-12 03:07:01",1749697621967,"www.createa.meme/_next/image","GET","",200,"6ktz4-1749697621644-a0a18cf94255","Mozilla/5.0 (Android 13; Mobile; rv:139.0) Gecko/139.0 Firefox/139.0","info","production","","","static","/_next/image","www.createa.meme","www.createa.meme","dpl_FGWX5yEqtDkVujKCxxERayqxbCWb",-1,"",-1,-1,"","prj_2WmnKloNzNT8aQ1tQYoeAuOVNlyc","","","",""
"2025-06-12 03:07:01",1749697621960,"www.createa.meme/_next/image","GET","",200,"tkth8-1749697621790-517a434a2e19","Mozilla/5.0 (Android 13; Mobile; rv:139.0) Gecko/139.0 Firefox/139.0","info","production","","","static","/_next/image","www.createa.meme","www.createa.meme","dpl_FGWX5yEqtDkVujKCxxERayqxbCWb",-1,"",-1,-1,"","prj_2WmnKloNzNT8aQ1tQYoeAuOVNlyc","","","",""
"2025-06-12 03:07:01",1749697621932,"www.createa.meme/_next/image","GET","",200,"4fwff-1749697621639-0a7abbd0b22f","Mozilla/5.0 (Android 13; Mobile; rv:139.0) Gecko/139.0 Firefox/139.0","info","production","","","static","/_next/image","www.createa.meme","www.createa.meme","dpl_FGWX5yEqtDkVujKCxxERayqxbCWb",-1,"",-1,-1,"","prj_2WmnKloNzNT8aQ1tQYoeAuOVNlyc","","","",""
"2025-06-12 03:07:01",1749697621913,"www.createa.meme/_next/image","GET","",200,"2xx72-1749697621422-cfb759bcdefc","Mozilla/5.0 (Android 13; Mobile; rv:139.0) Gecko/139.0 Firefox/139.0","info","production","","","static","/_next/image","www.createa.meme","www.createa.meme","dpl_FGWX5yEqtDkVujKCxxERayqxbCWb",-1,"",-1,-1,"","prj_2WmnKloNzNT8aQ1tQYoeAuOVNlyc","","","",""
"2025-06-12 03:07:01",1749697621893,"www.createa.meme/_next/image","GET","",200,"224jc-1749697621677-2519a71c5d38","Mozilla/5.0 (Android 13; Mobile; rv:139.0) Gecko/139.0 Firefox/139.0","info","production","","","static","/_next/image","www.createa.meme","www.createa.meme","dpl_FGWX5yEqtDkVujKCxxERayqxbCWb",-1,"",-1,-1,"","prj_2WmnKloNzNT8aQ1tQYoeAuOVNlyc","","","",""
"2025-06-12 03:07:01",1749697621887,"www.createa.meme/_next/image","GET","",200,"xk66c-1749697621447-eca791682ccd","Mozilla/5.0 (Android 13; Mobile; rv:139.0) Gecko/139.0 Firefox/139.0","info","production","","","static","/_next/image","www.createa.meme","www.createa.meme","dpl_FGWX5yEqtDkVujKCxxERayqxbCWb",-1,"",-1,-1,"","prj_2WmnKloNzNT8aQ1tQYoeAuOVNlyc","","","",""
"2025-06-12 03:07:01",1749697621883,"www.createa.meme/_next/image","GET","",200,"gls2d-1749697621688-917fcd1cd7dd","Mozilla/5.0 (Android 13; Mobile; rv:139.0) Gecko/139.0 Firefox/139.0","info","production","","","static","/_next/image","www.createa.meme","www.createa.meme","dpl_FGWX5yEqtDkVujKCxxERayqxbCWb",-1,"",-1,-1,"","prj_2WmnKloNzNT8aQ1tQYoeAuOVNlyc","","","",""
"2025-06-12 03:07:01",1749697621867,"www.createa.meme/_next/image","GET","",200,"895bn-1749697621678-266995dde1fd","Mozilla/5.0 (Android 13; Mobile; rv:139.0) Gecko/139.0 Firefox/139.0","info","production","","","static","/_next/image","www.createa.meme","www.createa.meme","dpl_FGWX5yEqtDkVujKCxxERayqxbCWb",-1,"",-1,-1,"","prj_2WmnKloNzNT8aQ1tQYoeAuOVNlyc","","","",""
"2025-06-12 03:07:01",1749697621855,"www.createa.meme/_next/image","GET","",200,"vrm57-1749697621694-7785dd444a97","Mozilla/5.0 (Android 13; Mobile; rv:139.0) Gecko/139.0 Firefox/139.0","info","production","","","static","/_next/image","www.createa.meme","www.createa.meme","dpl_FGWX5yEqtDkVujKCxxERayqxbCWb",-1,"",-1,-1,"","prj_2WmnKloNzNT8aQ1tQYoeAuOVNlyc","","","",""
"2025-06-12 03:07:01",1749697621853,"www.createa.meme/_next/image","GET","",200,"9jb59-1749697621703-e87c79cbaf7f","Mozilla/5.0 (Android 13; Mobile; rv:139.0) Gecko/139.0 Firefox/139.0","info","production","","","static","/_next/image","www.createa.meme","www.createa.meme","dpl_FGWX5yEqtDkVujKCxxERayqxbCWb",-1,"",-1,-1,"","prj_2WmnKloNzNT8aQ1tQYoeAuOVNlyc","","","",""
"2025-06-12 03:07:01",1749697621853,"www.createa.meme/_next/image","GET","",200,"gls2d-1749697621640-709b070f5bc3","Mozilla/5.0 (Android 13; Mobile; rv:139.0) Gecko/139.0 Firefox/139.0","info","production","","","static","/_next/image","www.createa.meme","www.createa.meme","dpl_FGWX5yEqtDkVujKCxxERayqxbCWb",-1,"",-1,-1,"","prj_2WmnKloNzNT8aQ1tQYoeAuOVNlyc","","","",""
"2025-06-12 03:07:01",1749697621805,"www.createa.meme/_next/image","GET","",200,"wt6l4-1749697621447-15080c06e1ca","Mozilla/5.0 (Android 13; Mobile; rv:139.0) Gecko/139.0 Firefox/139.0","info","production","","","static","/_next/image","www.createa.meme","www.createa.meme","dpl_FGWX5yEqtDkVujKCxxERayqxbCWb",-1,"",-1,-1,"","prj_2WmnKloNzNT8aQ1tQYoeAuOVNlyc","","","",""
"2025-06-12 03:07:01",1749697621792,"www.createa.meme/_next/image","GET","",200,"x64rl-1749697621639-b004b0f7ed3d","Mozilla/5.0 (Android 13; Mobile; rv:139.0) Gecko/139.0 Firefox/139.0","info","production","","","static","/_next/image","www.createa.meme","www.createa.meme","dpl_FGWX5yEqtDkVujKCxxERayqxbCWb",-1,"",-1,-1,"","prj_2WmnKloNzNT8aQ1tQYoeAuOVNlyc","","","",""
"2025-06-12 03:07:01",1749697621764,"www.createa.meme/_next/image","GET","",200,"wt6l4-1749697621658-83fe881ca417","Mozilla/5.0 (Android 13; Mobile; rv:139.0) Gecko/139.0 Firefox/139.0","info","production","","","static","/_next/image","www.createa.meme","www.createa.meme","dpl_FGWX5yEqtDkVujKCxxERayqxbCWb",-1,"",-1,-1,"","prj_2WmnKloNzNT8aQ1tQYoeAuOVNlyc","","","",""
"2025-06-12 03:07:01",1749697621749,"www.createa.meme/_next/image","GET","",200,"x64rl-1749697621675-d155f264f1f4","Mozilla/5.0 (Android 13; Mobile; rv:139.0) Gecko/139.0 Firefox/139.0","info","production","","","static","/_next/image","www.createa.meme","www.createa.meme","dpl_FGWX5yEqtDkVujKCxxERayqxbCWb",-1,"",-1,-1,"","prj_2WmnKloNzNT8aQ1tQYoeAuOVNlyc","","","",""
"2025-06-12 03:07:01",1749697621723,"www.createa.meme/_next/image","GET","",200,"hrssm-1749697621424-5b9ddfb76981","Mozilla/5.0 (Android 13; Mobile; rv:139.0) Gecko/139.0 Firefox/139.0","info","production","","","static","/_next/image","www.createa.meme","www.createa.meme","dpl_FGWX5yEqtDkVujKCxxERayqxbCWb",-1,"",-1,-1,"","prj_2WmnKloNzNT8aQ1tQYoeAuOVNlyc","","","",""
"2025-06-12 03:07:01",1749697621714,"www.createa.meme/_next/image","GET","",200,"mpm9v-1749697621427-c70ba4a3480a","Mozilla/5.0 (Android 13; Mobile; rv:139.0) Gecko/139.0 Firefox/139.0","info","production","","","static","/_next/image","www.createa.meme","www.createa.meme","dpl_FGWX5yEqtDkVujKCxxERayqxbCWb",-1,"",-1,-1,"","prj_2WmnKloNzNT8aQ1tQYoeAuOVNlyc","","","",""
"2025-06-12 03:07:01",1749697621706,"www.createa.meme/_next/image","GET","",200,"tklkf-1749697621476-318bb45c3348","Mozilla/5.0 (Android 13; Mobile; rv:139.0) Gecko/139.0 Firefox/139.0","info","production","","","static","/_next/image","www.createa.meme","www.createa.meme","dpl_FGWX5yEqtDkVujKCxxERayqxbCWb",-1,"",-1,-1,"","prj_2WmnKloNzNT8aQ1tQYoeAuOVNlyc","","","",""
"2025-06-12 03:07:01",1749697621679,"www.createa.meme/_next/image","GET","",200,"tkth8-1749697621421-27c62b5da910","Mozilla/5.0 (Android 13; Mobile; rv:139.0) Gecko/139.0 Firefox/139.0","info","production","","","static","/_next/image","www.createa.meme","www.createa.meme","dpl_FGWX5yEqtDkVujKCxxERayqxbCWb",-1,"",-1,-1,"","prj_2WmnKloNzNT8aQ1tQYoeAuOVNlyc","","","",""
"2025-06-12 03:07:01",1749697621604,"www.createa.meme/_next/image","GET","",200,"ml65h-1749697621423-35e00278ac4d","Mozilla/5.0 (Android 13; Mobile; rv:139.0) Gecko/139.0 Firefox/139.0","info","production","","","static","/_next/image","www.createa.meme","www.createa.meme","dpl_FGWX5yEqtDkVujKCxxERayqxbCWb",-1,"",-1,-1,"","prj_2WmnKloNzNT8aQ1tQYoeAuOVNlyc","","","",""
"2025-06-12 03:07:01",1749697621573,"www.createa.meme/_next/image","GET","",200,"v69tf-1749697621427-4072e693d8c5","Mozilla/5.0 (Android 13; Mobile; rv:139.0) Gecko/139.0 Firefox/139.0","info","production","","","static","/_next/image","www.createa.meme","www.createa.meme","dpl_FGWX5yEqtDkVujKCxxERayqxbCWb",-1,"",-1,-1,"","prj_2WmnKloNzNT8aQ1tQYoeAuOVNlyc","","","",""
"2025-06-12 03:07:01",1749697621500,"www.createa.meme/_next/image","GET","",200,"tmcvj-1749697621428-df032b771358","Mozilla/5.0 (Android 13; Mobile; rv:139.0) Gecko/139.0 Firefox/139.0","info","production","","","static","/_next/image","www.createa.meme","www.createa.meme","dpl_FGWX5yEqtDkVujKCxxERayqxbCWb",-1,"",-1,-1,"","prj_2WmnKloNzNT8aQ1tQYoeAuOVNlyc","","","",""
"2025-06-12 03:07:01",1749697621488,"www.createa.meme/_next/image","GET","",200,"224jc-1749697621422-43f27231faa4","Mozilla/5.0 (Android 13; Mobile; rv:139.0) Gecko/139.0 Firefox/139.0","info","production","","","static","/_next/image","www.createa.meme","www.createa.meme","dpl_FGWX5yEqtDkVujKCxxERayqxbCWb",-1,"",-1,-1,"","prj_2WmnKloNzNT8aQ1tQYoeAuOVNlyc","","","",""
"2025-06-11 21:59:38",1749679178131,"www.createa.meme/_next/image","GET","",200,"w8w4r-1749679177836-5347ac74ab6e","NetworkingExtension/8621.2.5.10.10 Network/4277.122.6 iOS/18.5","info","production","","","static","/_next/image","www.createa.meme","www.createa.meme","dpl_FGWX5yEqtDkVujKCxxERayqxbCWb",-1,"",-1,-1,"","prj_2WmnKloNzNT8aQ1tQYoeAuOVNlyc","","","",""
"2025-06-11 21:58:36",1749679116181,"www.createa.meme/_next/image","GET","",200,"xd5q7-1749679115580-01e08fbe3e2d","Mozilla/5.0 (iPhone; CPU iPhone OS 18_5 like Mac OS X) AppleWebKit/605.1.15 (KHTML, like Gecko) Version/18.5 Mobile/15E148 Safari/604.1","info","production","","","static","/_next/image","www.createa.meme","www.createa.meme","dpl_FGWX5yEqtDkVujKCxxERayqxbCWb",-1,"",-1,-1,"","prj_2WmnKloNzNT8aQ1tQYoeAuOVNlyc","","","",""
"2025-06-11 21:41:24",1749678084994,"www.createa.meme/api/templatecreator","POST","",-1,"jg25c-1749678082884-fcb13cf8b354","Mozilla/5.0 (Windows NT 10.0; Win64; x64) AppleWebKit/537.36 (KHTML, like Gecko) Chrome/111.0.0.0 Safari/537.36","info","production","main","MISS","lambda","/api/templatecreator","www.createa.meme","www.createa.meme","dpl_FGWX5yEqtDkVujKCxxERayqxbCWb",-1,"iad1",-1,-1,"Meme created successfully: https://i.imgflip.com/9x2ena.jpg","prj_2WmnKloNzNT8aQ1tQYoeAuOVNlyc","","","cqaTKnsyI03EUSk9I4wfXdBezxL77LXBJVZXkglNQZ4=",""
"2025-06-11 21:41:24",1749678084186,"www.createa.meme/api/templatecreator","POST","",-1,"jg25c-1749678082884-fcb13cf8b354","Mozilla/5.0 (Windows NT 10.0; Win64; x64) AppleWebKit/537.36 (KHTML, like Gecko) Chrome/111.0.0.0 Safari/537.36","info","production","main","MISS","lambda","/api/templatecreator","www.createa.meme","www.createa.meme","dpl_FGWX5yEqtDkVujKCxxERayqxbCWb",-1,"iad1",-1,-1,"Message content: Caption 1: Finds new toy to play with
Caption 2: It's PEPE testing time!","prj_2WmnKloNzNT8aQ1tQYoeAuOVNlyc","","","cqaTKnsyI03EUSk9I4wfXdBezxL77LXBJVZXkglNQZ4=",""
"2025-06-11 21:41:22",1749678082896,"www.createa.meme/api/templatecreator","POST","",200,"jg25c-1749678082884-fcb13cf8b354","Mozilla/5.0 (Windows NT 10.0; Win64; x64) AppleWebKit/537.36 (KHTML, like Gecko) Chrome/111.0.0.0 Safari/537.36","info","production","main","MISS","lambda","/api/templatecreator","www.createa.meme","www.createa.meme","dpl_FGWX5yEqtDkVujKCxxERayqxbCWb",2082,"iad1",130,1024,"","prj_2WmnKloNzNT8aQ1tQYoeAuOVNlyc","","","cqaTKnsyI03EUSk9I4wfXdBezxL77LXBJVZXkglNQZ4=","CeaeFomZTFI8"
"2025-06-11 21:41:22",1749678082756,"www.createa.meme/api/checkRateLimit","GET","mode=template&isPlusUser=false",-1,"tpmw5-1749678081644-b5e4699b577c","Mozilla/5.0 (Windows NT 10.0; Win64; x64) AppleWebKit/537.36 (KHTML, like Gecko) Chrome/111.0.0.0 Safari/537.36","info","production","main","MISS","lambda","/api/checkRateLimit","www.createa.meme","www.createa.meme","dpl_FGWX5yEqtDkVujKCxxERayqxbCWb",-1,"iad1",-1,-1,"[Rate Limit Check] Mode: template, IP: 172.70.255.32, Limit: 3, Duration: 10800, IsPlusUser: false, Allowed: true","prj_2WmnKloNzNT8aQ1tQYoeAuOVNlyc","","","i1ZyvYUYAWY86Y1HiUAVlkgXw57rMGLYHkwGNLbCwZc=",""
"2025-06-11 21:41:21",1749678081658,"www.createa.meme/api/checkRateLimit","GET","mode=template&isPlusUser=false",200,"tpmw5-1749678081644-b5e4699b577c","Mozilla/5.0 (Windows NT 10.0; Win64; x64) AppleWebKit/537.36 (KHTML, like Gecko) Chrome/111.0.0.0 Safari/537.36","info","production","main","MISS","lambda","/api/checkRateLimit","www.createa.meme","www.createa.meme","dpl_FGWX5yEqtDkVujKCxxERayqxbCWb",444,"iad1",116,1024,"","prj_2WmnKloNzNT8aQ1tQYoeAuOVNlyc","","","i1ZyvYUYAWY86Y1HiUAVlkgXw57rMGLYHkwGNLbCwZc=","CeaeFomZTFI8"
"2025-06-11 21:33:09",1749677589768,"www.createa.meme/_next/image","GET","",200,"q975z-1749677588829-df2ee65efa7c","Mozilla/5.0 (iPhone; CPU iPhone OS 18_5 like Mac OS X) AppleWebKit/605.1.15 (KHTML, like Gecko) Version/18.5 Mobile/15E148 Safari/604.1","info","production","","","static","/_next/image","www.createa.meme","www.createa.meme","dpl_FGWX5yEqtDkVujKCxxERayqxbCWb",-1,"",-1,-1,"","prj_2WmnKloNzNT8aQ1tQYoeAuOVNlyc","","","",""
"2025-06-11 21:28:17",1749677297423,"www.createa.meme/api/callback","GET","code=01JXGE9J9T4BRCEMEJYJ41XK21",-1,"fd7q8-1749677296162-291076bedbfd","Mozilla/5.0 (Macintosh; Intel Mac OS X 10_15_7) AppleWebKit/605.1.15 (KHTML, like Gecko) Version/18.5 Safari/605.1.15","info","production","main","MISS","lambda","/api/callback","www.createa.meme","www.createa.meme","dpl_FGWX5yEqtDkVujKCxxERayqxbCWb",-1,"iad1",-1,-1,"null user(s) updated successfully","prj_2WmnKloNzNT8aQ1tQYoeAuOVNlyc","","","SPh5pVgFiO3HkSymZybjXdveI_Vpm_s7GLqqRxnmlHQ=",""
"2025-06-11 21:28:17",1749677297416,"www.createa.meme/api/callback","GET","code=01JXGE9J9T4BRCEMEJYJ41XK21",-1,"fd7q8-1749677296162-291076bedbfd","Mozilla/5.0 (Macintosh; Intel Mac OS X 10_15_7) AppleWebKit/605.1.15 (KHTML, like Gecko) Version/18.5 Safari/605.1.15","info","production","main","MISS","lambda","/api/callback","www.createa.meme","www.createa.meme","dpl_FGWX5yEqtDkVujKCxxERayqxbCWb",-1,"iad1",-1,-1,"Redirecting user to: https://buy.stripe.com/28o2bVcc52bG4s8145","prj_2WmnKloNzNT8aQ1tQYoeAuOVNlyc","","","SPh5pVgFiO3HkSymZybjXdveI_Vpm_s7GLqqRxnmlHQ=",""
"2025-06-11 21:28:17",1749677297416,"www.createa.meme/api/callback","GET","code=01JXGE9J9T4BRCEMEJYJ41XK21",-1,"fd7q8-1749677296162-291076bedbfd","Mozilla/5.0 (Macintosh; Intel Mac OS X 10_15_7) AppleWebKit/605.1.15 (KHTML, like Gecko) Version/18.5 Safari/605.1.15","info","production","main","MISS","lambda","/api/callback","www.createa.meme","www.createa.meme","dpl_FGWX5yEqtDkVujKCxxERayqxbCWb",-1,"iad1",-1,-1,"User does not have premium status, not setting JWT cookie.","prj_2WmnKloNzNT8aQ1tQYoeAuOVNlyc","","","SPh5pVgFiO3HkSymZybjXdveI_Vpm_s7GLqqRxnmlHQ=",""
"2025-06-11 21:28:17",1749677297416,"www.createa.meme/api/callback","GET","code=01JXGE9J9T4BRCEMEJYJ41XK21",-1,"fd7q8-1749677296162-291076bedbfd","Mozilla/5.0 (Macintosh; Intel Mac OS X 10_15_7) AppleWebKit/605.1.15 (KHTML, like Gecko) Version/18.5 Safari/605.1.15","info","production","main","MISS","lambda","/api/callback","www.createa.meme","www.createa.meme","dpl_FGWX5yEqtDkVujKCxxERayqxbCWb",-1,"iad1",-1,-1,"User's premium status: false","prj_2WmnKloNzNT8aQ1tQYoeAuOVNlyc","","","SPh5pVgFiO3HkSymZybjXdveI_Vpm_s7GLqqRxnmlHQ=",""
"2025-06-11 21:28:17",1749677297304,"www.createa.meme/api/callback","GET","code=01JXGE9J9T4BRCEMEJYJ41XK21",-1,"fd7q8-1749677296162-291076bedbfd","Mozilla/5.0 (Macintosh; Intel Mac OS X 10_15_7) AppleWebKit/605.1.15 (KHTML, like Gecko) Version/18.5 Safari/605.1.15","info","production","main","MISS","lambda","/api/callback","www.createa.meme","www.createa.meme","dpl_FGWX5yEqtDkVujKCxxERayqxbCWb",-1,"iad1",-1,-1,"Shadow account userId in Supabase: 447","prj_2WmnKloNzNT8aQ1tQYoeAuOVNlyc","","","SPh5pVgFiO3HkSymZybjXdveI_Vpm_s7GLqqRxnmlHQ=",""
"2025-06-11 21:28:16",1749677296528,"www.createa.meme/api/callback","GET","code=01JXGE9J9T4BRCEMEJYJ41XK21",-1,"fd7q8-1749677296162-291076bedbfd","Mozilla/5.0 (Macintosh; Intel Mac OS X 10_15_7) AppleWebKit/605.1.15 (KHTML, like Gecko) Version/18.5 Safari/605.1.15","info","production","main","MISS","lambda","/api/callback","www.createa.meme","www.createa.meme","dpl_FGWX5yEqtDkVujKCxxERayqxbCWb",-1,"iad1",-1,-1,"WorkOS Authentication successful, user email: lavbra@icloud.com","prj_2WmnKloNzNT8aQ1tQYoeAuOVNlyc","","","SPh5pVgFiO3HkSymZybjXdveI_Vpm_s7GLqqRxnmlHQ=",""
"2025-06-11 21:28:16",1749677296232,"www.createa.meme/api/callback","GET","code=01JXGE9J9T4BRCEMEJYJ41XK21",302,"fd7q8-1749677296162-291076bedbfd","Mozilla/5.0 (Macintosh; Intel Mac OS X 10_15_7) AppleWebKit/605.1.15 (KHTML, like Gecko) Version/18.5 Safari/605.1.15","info","production","main","MISS","lambda","/api/callback","www.createa.meme","www.createa.meme","dpl_FGWX5yEqtDkVujKCxxERayqxbCWb",1168,"iad1",133,1024,"","prj_2WmnKloNzNT8aQ1tQYoeAuOVNlyc","","","SPh5pVgFiO3HkSymZybjXdveI_Vpm_s7GLqqRxnmlHQ=","T7YG0auIACbD"
"2025-06-11 21:28:16",1749677296199,"www.createa.meme/api/workos","POST","",-1,"fzxzt-1749677296060-96c345bdd9bd","WorkOS/1.0","info","production","main","MISS","lambda","/api/workos","www.createa.meme","www.createa.meme","dpl_FGWX5yEqtDkVujKCxxERayqxbCWb",-1,"iad1",-1,-1,"Error checking for existing user: {
message: 'TypeError: fetch failed',
details: 'TypeError: fetch failed\n' +
'    at node:internal/deps/undici/undici:12625:11\n' +
'    at processTicksAndRejections (node:internal/process/task_queues:95:5)\n' +
'    at runNextTicks (node:internal/process/task_queues:64:3)\n' +
'    at process.processImmediate (node:internal/timers:447:9)\n' +
'    at process.callbackTrampoline (node:internal/async_hooks:128:17)\n' +
'    at async m (/var/task/.next/server/pages/api/workos.js:1:1308)\n' +
'    at async f (/var/task/.next/server/pages/api/workos.js:1:943)',
hint: '',
code: ''
}","prj_2WmnKloNzNT8aQ1tQYoeAuOVNlyc","","","df0hqgXAarSTxRRWGYqwsekZWUYPvKYUPKavuz5g5Wo=",""
"2025-06-11 21:28:16",1749677296168,"www.createa.meme/api/workos","POST","",-1,"fzxzt-1749677296060-96c345bdd9bd","WorkOS/1.0","info","production","main","MISS","lambda","/api/workos","www.createa.meme","www.createa.meme","dpl_FGWX5yEqtDkVujKCxxERayqxbCWb",-1,"iad1",-1,-1,"Handling user.updated event...","prj_2WmnKloNzNT8aQ1tQYoeAuOVNlyc","","","df0hqgXAarSTxRRWGYqwsekZWUYPvKYUPKavuz5g5Wo=",""
"2025-06-11 21:28:16",1749677296073,"www.createa.meme/api/workos","POST","",200,"fzxzt-1749677296060-96c345bdd9bd","WorkOS/1.0","info","production","main","MISS","lambda","/api/workos","www.createa.meme","www.createa.meme","dpl_FGWX5yEqtDkVujKCxxERayqxbCWb",103,"iad1",100,1024,"","prj_2WmnKloNzNT8aQ1tQYoeAuOVNlyc","","","df0hqgXAarSTxRRWGYqwsekZWUYPvKYUPKavuz5g5Wo=","T7YG0auIACbD"
"2025-06-11 21:27:49",1749677269613,"www.createa.meme/api/workos","POST","",-1,"pd224-1749677269078-95e1d8042d21","WorkOS/1.0","info","production","main","MISS","lambda","/api/workos","www.createa.meme","www.createa.meme","dpl_FGWX5yEqtDkVujKCxxERayqxbCWb",-1,"iad1",-1,-1,"Handling user.created event...","prj_2WmnKloNzNT8aQ1tQYoeAuOVNlyc","","","s7kAM-7O0sQNly8-JQl0YN7PmnDLWDPtFaJ6-VLhm2o=",""
"2025-06-11 21:27:49",1749677269093,"www.createa.meme/api/workos","POST","",200,"pd224-1749677269078-95e1d8042d21","WorkOS/1.0","info","production","main","MISS","lambda","/api/workos","www.createa.meme","www.createa.meme","dpl_FGWX5yEqtDkVujKCxxERayqxbCWb",541,"iad1",100,1024,"","prj_2WmnKloNzNT8aQ1tQYoeAuOVNlyc","","","s7kAM-7O0sQNly8-JQl0YN7PmnDLWDPtFaJ6-VLhm2o=","T7YG0auIACbD"
"2025-06-11 21:27:04",1749677224522,"www.createa.meme/_next/image","GET","",200,"flzqg-1749677223849-78f8b32f0704","Mozilla/5.0 (Macintosh; Intel Mac OS X 10_15_7) AppleWebKit/605.1.15 (KHTML, like Gecko) Version/18.5 Safari/605.1.15","info","production","","","static","/_next/image","www.createa.meme","www.createa.meme","dpl_FGWX5yEqtDkVujKCxxERayqxbCWb",-1,"",-1,-1,"","prj_2WmnKloNzNT8aQ1tQYoeAuOVNlyc","","","",""
"2025-06-11 20:14:07",1749672847325,"www.createa.meme/api/customizeImage","POST","",-1,"fzxzt-1749672845420-f40912872ff1","Mozilla/5.0 (Windows NT 10.0; Win64; x64) AppleWebKit/537.36 (KHTML, like Gecko) Chrome/111.0.0.0 Safari/537.36","info","production","main","MISS","lambda","/api/customizeImage","www.createa.meme","www.createa.meme","dpl_FGWX5yEqtDkVujKCxxERayqxbCWb",-1,"iad1",-1,-1,"User prompt: ""ewok taking a selfie"", AI caption response: """"When you're an Ewok, but your selfie game is out of this galaxy!""""","prj_2WmnKloNzNT8aQ1tQYoeAuOVNlyc","","","hVRz3uXbunJ4tOlLTuOo_GfdIWtlyyvoPerHeLt1ZfQ=",""
"2025-06-11 20:14:05",1749672845430,"www.createa.meme/api/customizeImage","POST","",200,"fzxzt-1749672845420-f40912872ff1","Mozilla/5.0 (Windows NT 10.0; Win64; x64) AppleWebKit/537.36 (KHTML, like Gecko) Chrome/111.0.0.0 Safari/537.36","info","production","main","MISS","lambda","/api/customizeImage","www.createa.meme","www.createa.meme","dpl_FGWX5yEqtDkVujKCxxERayqxbCWb",1885,"iad1",137,1024,"","prj_2WmnKloNzNT8aQ1tQYoeAuOVNlyc","","","hVRz3uXbunJ4tOlLTuOo_GfdIWtlyyvoPerHeLt1ZfQ=","55Bjc7VkCOKd"
"2025-06-11 20:14:05",1749672845314,"www.createa.meme/api/checkRateLimit","GET","mode=custom&isPlusUser=false",-1,"n98jb-1749672845108-4dce7b1723f1","Mozilla/5.0 (Windows NT 10.0; Win64; x64) AppleWebKit/537.36 (KHTML, like Gecko) Chrome/111.0.0.0 Safari/537.36","info","production","main","MISS","lambda","/api/checkRateLimit","www.createa.meme","www.createa.meme","dpl_FGWX5yEqtDkVujKCxxERayqxbCWb",-1,"iad1",-1,-1,"[Rate Limit Check] Mode: custom, IP: 172.70.255.153, Limit: 3, Duration: 10800, IsPlusUser: false, Allowed: true","prj_2WmnKloNzNT8aQ1tQYoeAuOVNlyc","","","Q3gkWV1Ja-VS6juNVRC2KdWBvaMLsHwjjpchchGkgPs=",""
"2025-06-11 20:14:05",1749672845122,"www.createa.meme/api/checkRateLimit","GET","mode=custom&isPlusUser=false",200,"n98jb-1749672845108-4dce7b1723f1","Mozilla/5.0 (Windows NT 10.0; Win64; x64) AppleWebKit/537.36 (KHTML, like Gecko) Chrome/111.0.0.0 Safari/537.36","info","production","main","MISS","lambda","/api/checkRateLimit","www.createa.meme","www.createa.meme","dpl_FGWX5yEqtDkVujKCxxERayqxbCWb",178,"iad1",137,1024,"","prj_2WmnKloNzNT8aQ1tQYoeAuOVNlyc","","","Q3gkWV1Ja-VS6juNVRC2KdWBvaMLsHwjjpchchGkgPs=","55Bjc7VkCOKd"
"2025-06-11 20:11:51",1749672711073,"www.createa.meme/_next/image","GET","",200,"qs9g7-1749672710917-b23294873d13","Mozilla/5.0 (Windows NT 10.0; Win64; x64) AppleWebKit/537.36 (KHTML, like Gecko) Chrome/111.0.0.0 Safari/537.36","info","production","","","static","/_next/image","www.createa.meme","www.createa.meme","dpl_FGWX5yEqtDkVujKCxxERayqxbCWb",-1,"",-1,-1,"","prj_2WmnKloNzNT8aQ1tQYoeAuOVNlyc","","","",""
"2025-06-11 20:08:47",1749672527724,"www.createa.meme/api/callback","GET","code=01JXG9QZQ180NG7R6Y32J2CPY0",-1,"ddsf5-1749672525775-26c4b39d0ade","Mozilla/5.0 (Windows NT 10.0; Win64; x64) AppleWebKit/537.36 (KHTML, like Gecko) Chrome/111.0.0.0 Safari/537.36","info","production","main","MISS","lambda","/api/callback","www.createa.meme","www.createa.meme","dpl_FGWX5yEqtDkVujKCxxERayqxbCWb",-1,"iad1",-1,-1,"Redirecting user to: https://buy.stripe.com/28o2bVcc52bG4s8145","prj_2WmnKloNzNT8aQ1tQYoeAuOVNlyc","","","INL8EayqEzdmR_JP-MsVW_j7cjCQo-tih4SY7Y7j9EE=",""
"2025-06-11 20:08:47",1749672527724,"www.createa.meme/api/callback","GET","code=01JXG9QZQ180NG7R6Y32J2CPY0",-1,"ddsf5-1749672525775-26c4b39d0ade","Mozilla/5.0 (Windows NT 10.0; Win64; x64) AppleWebKit/537.36 (KHTML, like Gecko) Chrome/111.0.0.0 Safari/537.36","info","production","main","MISS","lambda","/api/callback","www.createa.meme","www.createa.meme","dpl_FGWX5yEqtDkVujKCxxERayqxbCWb",-1,"iad1",-1,-1,"User does not have premium status, not setting JWT cookie.","prj_2WmnKloNzNT8aQ1tQYoeAuOVNlyc","","","INL8EayqEzdmR_JP-MsVW_j7cjCQo-tih4SY7Y7j9EE=",""
"2025-06-11 20:08:47",1749672527724,"www.createa.meme/api/callback","GET","code=01JXG9QZQ180NG7R6Y32J2CPY0",-1,"ddsf5-1749672525775-26c4b39d0ade","Mozilla/5.0 (Windows NT 10.0; Win64; x64) AppleWebKit/537.36 (KHTML, like Gecko) Chrome/111.0.0.0 Safari/537.36","info","production","main","MISS","lambda","/api/callback","www.createa.meme","www.createa.meme","dpl_FGWX5yEqtDkVujKCxxERayqxbCWb",-1,"iad1",-1,-1,"User's premium status: false","prj_2WmnKloNzNT8aQ1tQYoeAuOVNlyc","","","INL8EayqEzdmR_JP-MsVW_j7cjCQo-tih4SY7Y7j9EE=",""
"2025-06-11 20:08:47",1749672527623,"www.createa.meme/api/callback","GET","code=01JXG9QZQ180NG7R6Y32J2CPY0",-1,"ddsf5-1749672525775-26c4b39d0ade","Mozilla/5.0 (Windows NT 10.0; Win64; x64) AppleWebKit/537.36 (KHTML, like Gecko) Chrome/111.0.0.0 Safari/537.36","info","production","main","MISS","lambda","/api/callback","www.createa.meme","www.createa.meme","dpl_FGWX5yEqtDkVujKCxxERayqxbCWb",-1,"iad1",-1,-1,"Shadow account userId in Supabase: 446","prj_2WmnKloNzNT8aQ1tQYoeAuOVNlyc","","","INL8EayqEzdmR_JP-MsVW_j7cjCQo-tih4SY7Y7j9EE=",""
"2025-06-11 20:08:47",1749672527215,"www.createa.meme/api/workos","POST","",-1,"q4wmj-1749672525923-6a41861d5989","WorkOS/1.0","info","production","main","MISS","lambda","/api/workos","www.createa.meme","www.createa.meme","dpl_FGWX5yEqtDkVujKCxxERayqxbCWb",-1,"iad1",-1,-1,"Handling user.created event...","prj_2WmnKloNzNT8aQ1tQYoeAuOVNlyc","","","1YTY55Mha2-u1XS2U_9q1Vkwv60uo9o7y3EsYB040Yo=",""
"2025-06-11 20:08:46",1749672526735,"www.createa.meme/api/callback","GET","code=01JXG9QZQ180NG7R6Y32J2CPY0",-1,"ddsf5-1749672525775-26c4b39d0ade","Mozilla/5.0 (Windows NT 10.0; Win64; x64) AppleWebKit/537.36 (KHTML, like Gecko) Chrome/111.0.0.0 Safari/537.36","info","production","main","MISS","lambda","/api/callback","www.createa.meme","www.createa.meme","dpl_FGWX5yEqtDkVujKCxxERayqxbCWb",-1,"iad1",-1,-1,"WorkOS Authentication successful, user email: ibotbemail1@gmail.com","prj_2WmnKloNzNT8aQ1tQYoeAuOVNlyc","","","INL8EayqEzdmR_JP-MsVW_j7cjCQo-tih4SY7Y7j9EE=",""
"2025-06-11 20:08:46",1749672526101,"www.createa.meme/api/workos","POST","",200,"q4wmj-1749672525923-6a41861d5989","WorkOS/1.0","info","production","main","MISS","lambda","/api/workos","www.createa.meme","www.createa.meme","dpl_FGWX5yEqtDkVujKCxxERayqxbCWb",544,"iad1",106,1024,"","prj_2WmnKloNzNT8aQ1tQYoeAuOVNlyc","","","1YTY55Mha2-u1XS2U_9q1Vkwv60uo9o7y3EsYB040Yo=","mOUPFoA8eA9L"
"2025-06-11 20:08:45",1749672525790,"www.createa.meme/api/callback","GET","code=01JXG9QZQ180NG7R6Y32J2CPY0",302,"ddsf5-1749672525775-26c4b39d0ade","Mozilla/5.0 (Windows NT 10.0; Win64; x64) AppleWebKit/537.36 (KHTML, like Gecko) Chrome/111.0.0.0 Safari/537.36","info","production","main","MISS","lambda","/api/callback","www.createa.meme","www.createa.meme","dpl_FGWX5yEqtDkVujKCxxERayqxbCWb",1923,"iad1",137,1024,"","prj_2WmnKloNzNT8aQ1tQYoeAuOVNlyc","","","INL8EayqEzdmR_JP-MsVW_j7cjCQo-tih4SY7Y7j9EE=","55Bjc7VkCOKd"
"2025-06-11 20:08:07",1749672487502,"www.createa.meme/_next/image","GET","",200,"xs2tj-1749672487365-c1f78a41321d","Mozilla/5.0 (Windows NT 10.0; Win64; x64) AppleWebKit/537.36 (KHTML, like Gecko) Chrome/111.0.0.0 Safari/537.36","info","production","","","static","/_next/image","www.createa.meme","www.createa.meme","dpl_FGWX5yEqtDkVujKCxxERayqxbCWb",-1,"",-1,-1,"","prj_2WmnKloNzNT8aQ1tQYoeAuOVNlyc","","","",""
"2025-06-11 19:38:24",1749670704803,"www.createa.meme/_next/image","GET","",200,"7nqg2-1749670704200-303740c48fb6","Mozilla/5.0 (iPhone; CPU iPhone OS 18_5 like Mac OS X) AppleWebKit/605.1.15 (KHTML, like Gecko) Version/18.5 Mobile/15E148 Safari/604.1","info","production","","","static","/_next/image","www.createa.meme","www.createa.meme","dpl_FGWX5yEqtDkVujKCxxERayqxbCWb",-1,"",-1,-1,"","prj_2WmnKloNzNT8aQ1tQYoeAuOVNlyc","","","",""
"2025-06-11 19:08:29",1749668909489,"www.createa.meme/_next/image","GET","",200,"8fmwb-1749668909055-12a9d580d565","Mozilla/5.0 (Windows NT 10.0; Win64; x64) AppleWebKit/537.36 (KHTML, like Gecko) Chrome/137.0.0.0 Safari/537.36","info","production","","","static","/_next/image","www.createa.meme","www.createa.meme","dpl_FGWX5yEqtDkVujKCxxERayqxbCWb",-1,"",-1,-1,"","prj_2WmnKloNzNT8aQ1tQYoeAuOVNlyc","","","",""
"2025-06-11 17:52:42",1749664362887,"www.createa.meme/api/customizeImage","POST","",-1,"584qj-1749664360572-8b954268a391","Mozilla/5.0 (X11; CrOS x86_64 14541.0.0) AppleWebKit/537.36 (KHTML, like Gecko) Chrome/136.0.0.0 Safari/537.36","info","production","main","MISS","lambda","/api/customizeImage","www.createa.meme","www.createa.meme","dpl_FGWX5yEqtDkVujKCxxERayqxbCWb",-1,"iad1",-1,-1,"User prompt: ""MAY THE FORCE BE WITH YOU"", AI caption response: """"When you lend your friend your charger... 'May the force be with you, mate!'""""","prj_2WmnKloNzNT8aQ1tQYoeAuOVNlyc","","","Pz-RsrvvLuHgXjvRjqvRgvO_BZWW9zgxr5Guknb7B6U=",""
"2025-06-11 17:52:40",1749664360594,"www.createa.meme/api/customizeImage","POST","",200,"584qj-1749664360572-8b954268a391","Mozilla/5.0 (X11; CrOS x86_64 14541.0.0) AppleWebKit/537.36 (KHTML, like Gecko) Chrome/136.0.0.0 Safari/537.36","info","production","main","MISS","lambda","/api/customizeImage","www.createa.meme","www.createa.meme","dpl_FGWX5yEqtDkVujKCxxERayqxbCWb",2277,"iad1",123,1024,"","prj_2WmnKloNzNT8aQ1tQYoeAuOVNlyc","","","Pz-RsrvvLuHgXjvRjqvRgvO_BZWW9zgxr5Guknb7B6U=","BYhKHQ1HsZ7l"
"2025-06-11 17:52:40",1749664360502,"www.createa.meme/api/checkRateLimit","GET","mode=custom&isPlusUser=false",-1,"jzcrk-1749664360045-36694565510f","Mozilla/5.0 (X11; CrOS x86_64 14541.0.0) AppleWebKit/537.36 (KHTML, like Gecko) Chrome/136.0.0.0 Safari/537.36","info","production","main","MISS","lambda","/api/checkRateLimit","www.createa.meme","www.createa.meme","dpl_FGWX5yEqtDkVujKCxxERayqxbCWb",-1,"iad1",-1,-1,"[Rate Limit Check] Mode: custom, IP: 162.158.155.212, Limit: 3, Duration: 10800, IsPlusUser: false, Allowed: true","prj_2WmnKloNzNT8aQ1tQYoeAuOVNlyc","","","DaHmXVzYuw1wPJm73BOD6gbk_YJ2z2kKlKYxsLgwAZs=",""
"2025-06-11 17:52:40",1749664360064,"www.createa.meme/api/checkRateLimit","GET","mode=custom&isPlusUser=false",200,"jzcrk-1749664360045-36694565510f","Mozilla/5.0 (X11; CrOS x86_64 14541.0.0) AppleWebKit/537.36 (KHTML, like Gecko) Chrome/136.0.0.0 Safari/537.36","info","production","main","MISS","lambda","/api/checkRateLimit","www.createa.meme","www.createa.meme","dpl_FGWX5yEqtDkVujKCxxERayqxbCWb",401,"iad1",107,1024,"","prj_2WmnKloNzNT8aQ1tQYoeAuOVNlyc","","","DaHmXVzYuw1wPJm73BOD6gbk_YJ2z2kKlKYxsLgwAZs=","BYhKHQ1HsZ7l"
"2025-06-11 15:27:21",1749655641260,"www.createa.meme/_next/image","GET","",200,"ssps2-1749655640894-17b6b979a117","Mozilla/5.0 (Macintosh; Intel Mac OS X 10_15_7) AppleWebKit/537.36 (KHTML, like Gecko) Chrome/136.0.0.0 Safari/537.36","info","production","","","static","/_next/image","www.createa.meme","www.createa.meme","dpl_FGWX5yEqtDkVujKCxxERayqxbCWb",-1,"",-1,-1,"","prj_2WmnKloNzNT8aQ1tQYoeAuOVNlyc","","","",""
"2025-06-11 15:18:33",1749655113547,"www.createa.meme/api/stripe","POST","",-1,"ww6hx-1749655112036-54f4bfe52007","Stripe/1.0 (+https://stripe.com/docs/webhooks)","info","production","main","MISS","lambda","/api/stripe","www.createa.meme","www.createa.meme","dpl_FGWX5yEqtDkVujKCxxERayqxbCWb",-1,"iad1",-1,-1,"Unhandled event type invoice.payment_succeeded","prj_2WmnKloNzNT8aQ1tQYoeAuOVNlyc","","","mtdl3B9aIQ3oqHN4JpjcNZicEYuLgi1kh4Y05aO1Z4Y=",""
"2025-06-11 15:18:33",1749655113524,"www.createa.meme/api/stripe","POST","",-1,"ww6hx-1749655112036-54f4bfe52007","Stripe/1.0 (+https://stripe.com/docs/webhooks)","info","production","main","MISS","lambda","/api/stripe","www.createa.meme","www.createa.meme","dpl_FGWX5yEqtDkVujKCxxERayqxbCWb",-1,"iad1",-1,-1,"Received Stripe Signature: t=1749655111,v1=4751be81d3931ac2d3ba828d1a48f1b448778abb2741f876849fe62e0b233e86","prj_2WmnKloNzNT8aQ1tQYoeAuOVNlyc","","","mtdl3B9aIQ3oqHN4JpjcNZicEYuLgi1kh4Y05aO1Z4Y=",""
"2025-06-11 15:18:32",1749655112520,"www.createa.meme/api/stripe","POST","",-1,"r2zss-1749655111882-1beaf42a1925","Stripe/1.0 (+https://stripe.com/docs/webhooks)","info","production","main","MISS","lambda","/api/stripe","www.createa.meme","www.createa.meme","dpl_FGWX5yEqtDkVujKCxxERayqxbCWb",-1,"iad1",-1,-1,"Unhandled event type invoice.paid","prj_2WmnKloNzNT8aQ1tQYoeAuOVNlyc","","","9yF09U9QByKLnYLoNdrSKj3AVEnjIUrkK6nK9nAKSQs=",""
"2025-06-11 15:18:32",1749655112500,"www.createa.meme/api/stripe","POST","",-1,"r2zss-1749655111882-1beaf42a1925","Stripe/1.0 (+https://stripe.com/docs/webhooks)","info","production","main","MISS","lambda","/api/stripe","www.createa.meme","www.createa.meme","dpl_FGWX5yEqtDkVujKCxxERayqxbCWb",-1,"iad1",-1,-1,"Received Stripe Signature: t=1749655111,v1=a6f9c457b2900066aa9902d3328c35a1a93836fdb66ca172e96c1cc2d987dc25","prj_2WmnKloNzNT8aQ1tQYoeAuOVNlyc","","","9yF09U9QByKLnYLoNdrSKj3AVEnjIUrkK6nK9nAKSQs=",""
"2025-06-11 15:18:32",1749655112149,"www.createa.meme/api/stripe","POST","",200,"ww6hx-1749655112036-54f4bfe52007","Stripe/1.0 (+https://stripe.com/docs/webhooks)","info","production","main","MISS","lambda","/api/stripe","www.createa.meme","www.createa.meme","dpl_FGWX5yEqtDkVujKCxxERayqxbCWb",707,"iad1",106,1024,"","prj_2WmnKloNzNT8aQ1tQYoeAuOVNlyc","","","mtdl3B9aIQ3oqHN4JpjcNZicEYuLgi1kh4Y05aO1Z4Y=","gjnaSTN3Vwal"
"2025-06-11 15:18:31",1749655111915,"www.createa.meme/api/stripe","POST","",200,"r2zss-1749655111882-1beaf42a1925","Stripe/1.0 (+https://stripe.com/docs/webhooks)","info","production","main","MISS","lambda","/api/stripe","www.createa.meme","www.createa.meme","dpl_FGWX5yEqtDkVujKCxxERayqxbCWb",559,"iad1",125,1024,"","prj_2WmnKloNzNT8aQ1tQYoeAuOVNlyc","","","9yF09U9QByKLnYLoNdrSKj3AVEnjIUrkK6nK9nAKSQs=","0uwK1HaNGmbu"
"2025-06-11 15:13:47",1749654827713,"www.createa.meme/api/templatecreator","POST","",-1,"rbst5-1749654825536-dedea2dca152","Mozilla/5.0 (Windows NT 10.0; Win64; x64) AppleWebKit/537.36 (KHTML, like Gecko) Chrome/120.0.0.0 Safari/537.36","info","production","main","MISS","lambda","/api/templatecreator","www.createa.meme","www.createa.meme","dpl_FGWX5yEqtDkVujKCxxERayqxbCWb",-1,"iad1",-1,-1,"Message content: I'm sorry, but I cannot assist with that request.","prj_2WmnKloNzNT8aQ1tQYoeAuOVNlyc","","","jynvhFSZc071bCNGMGDS9znoqb_AaGwQtMeqdY0F3SY=",""
"2025-06-11 15:13:45",1749654825773,"www.createa.meme/api/templatecreator","POST","",400,"rbst5-1749654825536-dedea2dca152","Mozilla/5.0 (Windows NT 10.0; Win64; x64) AppleWebKit/537.36 (KHTML, like Gecko) Chrome/120.0.0.0 Safari/537.36","warning","production","main","MISS","lambda","/api/templatecreator","www.createa.meme","www.createa.meme","dpl_FGWX5yEqtDkVujKCxxERayqxbCWb",1926,"iad1",125,1024,"","prj_2WmnKloNzNT8aQ1tQYoeAuOVNlyc","","","jynvhFSZc071bCNGMGDS9znoqb_AaGwQtMeqdY0F3SY=","0uwK1HaNGmbu"
"2025-06-11 15:13:45",1749654825421,"www.createa.meme/api/checkRateLimit","GET","mode=template&isPlusUser=false",-1,"4vz6j-1749654824911-885ae4126089","Mozilla/5.0 (Windows NT 10.0; Win64; x64) AppleWebKit/537.36 (KHTML, like Gecko) Chrome/120.0.0.0 Safari/537.36","info","production","main","MISS","lambda","/api/checkRateLimit","www.createa.meme","www.createa.meme","dpl_FGWX5yEqtDkVujKCxxERayqxbCWb",-1,"iad1",-1,-1,"[Rate Limit Check] Mode: template, IP: 172.68.50.80, Limit: 3, Duration: 10800, IsPlusUser: false, Allowed: true","prj_2WmnKloNzNT8aQ1tQYoeAuOVNlyc","","","pd9waQWj1eIsEone04OaB9XlGUo9sEikoRNtx2hXxi8=",""
"2025-06-11 15:13:44",1749654824978,"www.createa.meme/api/checkRateLimit","GET","mode=template&isPlusUser=false",200,"4vz6j-1749654824911-885ae4126089","Mozilla/5.0 (Windows NT 10.0; Win64; x64) AppleWebKit/537.36 (KHTML, like Gecko) Chrome/120.0.0.0 Safari/537.36","info","production","main","MISS","lambda","/api/checkRateLimit","www.createa.meme","www.createa.meme","dpl_FGWX5yEqtDkVujKCxxERayqxbCWb",443,"iad1",108,1024,"","prj_2WmnKloNzNT8aQ1tQYoeAuOVNlyc","","","pd9waQWj1eIsEone04OaB9XlGUo9sEikoRNtx2hXxi8=","0uwK1HaNGmbu"
"2025-06-11 15:13:01",1749654781406,"www.createa.meme/_next/image","GET","",200,"lgxzr-1749654780860-0c100c7836cf","Mozilla/5.0 (Windows NT 10.0; Win64; x64) AppleWebKit/537.36 (KHTML, like Gecko) Chrome/120.0.0.0 Safari/537.36","info","production","","","static","/_next/image","www.createa.meme","www.createa.meme","dpl_FGWX5yEqtDkVujKCxxERayqxbCWb",-1,"",-1,-1,"","prj_2WmnKloNzNT8aQ1tQYoeAuOVNlyc","","","",""
